ID,mcc,mnc,country,operator,isvaild,country_en
2892,412,1,阿富汗,Afghan Wireless Communication Company,1,Afghanistan
2893,412,20,阿富汗,Telecom Development Company Afghanistan Ltd.,1,Afghanistan
2894,412,40,阿富汗,MTN Group Afghanistan,1,Afghanistan
2895,412,50,阿富汗,Etisalat Afghanistan,1,Afghanistan
2896,276,1,阿尔巴尼亚,Albanian Mobile Communications,1,Albania
2897,276,2,阿尔巴尼亚,Vodafone Albania,1,Albania
2898,276,3,阿尔巴尼亚,Eagle Mobile,1,Albania
2899,276,4,阿尔巴尼亚,Plus Communication,1,Albania
2900,603,1,阿尔及利亚,ATM Mobilis,1,Algeria
2901,603,2,阿尔及利亚,Orascom Telecom Algerie Spa,1,Algeria
2902,603,3,阿尔及利亚,Wataniya Telecom Algerie,1,Algeria
2903,544,11,美属萨摩亚(美国),Bluesky,1,Samoa (USA)
2904,213,3,安道尔,Servei De Tele. DAndorra,1,Andorra
2905,631,2,安哥拉,UNITEL S.a.r.l.,1,Angola
2906,631,4,安哥拉,MOVICEL Telecommunications S.a.,1,Angola
2907,365,10,安圭拉,Weblinks Limited,1,Anguilla
2908,365,840,安圭拉,Cable & Wireless,1,Anguilla
2909,344,30,安提瓜和巴布达,Antigua Public Utilities Authority,1,Antigua and Barbuda
2910,344,920,安提瓜和巴布达,Cable & Wireless Caribbean Cellular (Antigua) Limi,1,Antigua and Barbuda
2911,338,50,牙买加,Antigua Wireless Ventures Limited,1,Jamaica
2912,722,10,阿根廷,Telefonica Móviles Argentina SA,1,Argentina
2913,722,20,阿根廷,NII Holdings,1,Argentina
2914,722,70,阿根廷,Telefonica Móviles Argentina SA,1,Argentina
2915,722,310,阿根廷,AMX Argentina S.A,1,Argentina
2916,722,320,阿根廷,AMX Argentina S.A,1,Argentina
2917,722,330,阿根廷,AMX Argentina S.A,1,Argentina
2918,722,34,阿根廷,Telecom Personal SA,1,Argentina
2919,722,341,阿根廷,Telecom Personal SA,1,Argentina
2920,722,350,阿根廷,Hutchinson (PORT HABLE),1,Argentina
2921,722,36,阿根廷,Telecom Personal SA,1,Argentina
2922,283,1,亚美尼亚,ArmenTel,1,Armenia
2923,283,5,亚美尼亚,K Telecom CJSC,1,Armenia
2924,363,1,阿鲁巴(荷兰王国),Servicio di Telecomunicacion di Aruba,1,Aruba (Kingdom of the Netherlands)
2925,505,1,澳洲,Telstra Corporation Limited,1,Australia
2926,505,2,澳洲,Singtel Optus Proprietary Limited,1,Australia
2927,505,3,澳洲,Vodafone Hutchison Australia Proprietary Limited,1,Australia
2928,505,4,澳洲,Department of Defence,1,Australia
2929,505,6,澳洲,Vodafone Hutchison Australia Proprietary Limited,1,Australia
2930,505,8,澳洲,One.Tel Limited,1,Australia
2931,505,12,澳洲,Vodafone Hutchison Australia Proprietary Limited,1,Australia
2932,505,13,澳洲,Rail Corporation New South Wales,1,Australia
2933,505,14,澳洲,Telecom New Zealand,1,Australia
2934,505,21,澳洲,TPG Telecom Limited,1,Australia
2935,505,38,澳洲,Vodafone Hutchison Australia Proprietary Limited,1,Australia
2936,505,71,澳洲,Telstra Corporation Limited,1,Australia
2937,505,72,澳洲,Telstra Corporation Limited,1,Australia
2938,505,90,澳洲,Singtel Optus Proprietary Limited,1,Australia
2939,505,99,澳洲,One.Tel,1,Australia
2940,232,1,奥地利,A1 Telekom Austria,1,Austria
2941,232,3,奥地利,T-Mobile Austria,1,Austria
2942,232,5,奥地利,Orange Austria,1,Austria
2943,232,7,奥地利,T-Mobile Austria,1,Austria
2944,232,9,奥地利,A1 Telekom Austria,1,Austria
2945,232,10,奥地利,Hutchison 3G,1,Austria
2946,232,11,奥地利,A1 Telekom Austria,1,Austria
2947,232,12,奥地利,yesss,1,Austria
2948,232,14,奥地利,Hutchison 3G,1,Austria
2949,232,15,奥地利,Barablu Mobile Ltd.,1,Austria
2950,232,91,奥地利,BB,1,Austria
2951,400,3,阿塞拜疆,CATEL,1,Azerbaijan
2952,400,4,阿塞拜疆,Azerfon,1,Azerbaijan
2953,364,390,巴哈马,The Bahamas Telecommunications Company Ltd,1,Bahamas
2954,426,1,巴林,Bahrain Telecommunications Company,1,Bahrain
2955,426,2,巴林,Zain Bahrain,1,Bahrain
2956,426,4,巴林,Viva Bahrain,1,Bahrain
2957,470,1,孟加拉国,GrameenPhone Ltd,1,Bangladesh
2958,470,2,孟加拉国,Axiata Bangladesh Ltd.,1,Bangladesh
2959,470,3,孟加拉国,Orascom Telecom Holding,1,Bangladesh
2960,470,6,孟加拉国,Bharti airtel Bangladesh Ltd.,1,Bangladesh
2961,342,600,巴巴多斯,LIME (formerly known as Cable & Wireless),1,Barbados
2962,342,750,巴巴多斯,Digicel (Barbados) Limited,1,Barbados
2963,342,820,巴巴多斯,Sunbeach Communications,1,Barbados
2964,257,2,白俄罗斯,Mobile TeleSystems,1,Belarus
2965,257,3,白俄罗斯,BelCel,1,Belarus
2966,257,4,白俄罗斯,Belarussian Telecommunications Network,1,Belarus
2967,206,1,比利时,Belgacom Mobile,1,Belgium
2968,206,5,比利时,Telenet,1,Belgium
2969,206,10,比利时,France Telecom,1,Belgium
2970,206,20,比利时,KPN,1,Belgium
2971,702,67,伯利兹,Belize Telemedia,1,Belize
2972,702,99,伯利兹,SpeedNet Communications Limited,1,Belize
2973,616,1,贝宁,Benin Telecoms Mobile,1,Benin
2974,616,2,贝宁,Telecel Benin,1,Benin
2975,616,3,贝宁,Spacetel Benin,1,Benin
2976,616,4,贝宁,Bell Benin Communications,1,Benin
2977,616,5,贝宁,Glo Communication Benin,1,Benin
2978,350,1,百慕大(英国),Telecommunications (Bermuda & West Indies) Ltd,1,Bermuda (United Kingdom)
2979,350,2,百慕大(英国),M3 Wireless,1,Bermuda (United Kingdom)
2980,402,11,不丹,B-Mobile,1,Bhutan
2981,402,77,不丹,Tashi InfoComm Limited,1,Bhutan
2982,736,1,玻利维亚,Nuevatel PCS De Bolivia SA,1,Bolivia
2983,736,2,玻利维亚,Entel SA,1,Bolivia
2984,736,3,玻利维亚,Telefonica Celular De Bolivia S.A,1,Bolivia
2985,218,3,波斯尼亚与赫塞哥维纳,Public Enterprise Croatian Telecom Ltd.,1,Bosnia and Herzegovina
2986,218,5,波斯尼亚与赫塞哥维纳,RS Telecommunications JSC Banja Luka,1,Bosnia and Herzegovina
2987,218,90,波斯尼亚与赫塞哥维纳,BH Telecom,1,Bosnia and Herzegovina
2988,652,1,博茨瓦纳,Mascom Wireless (Pty) Limited,1,Botswana
2989,652,2,博茨瓦纳,Orange (Botswana) Pty Limited,1,Botswana
2990,652,4,博茨瓦纳,Botswana Telecommunications Corporation,1,Botswana
2991,724,0,巴西,"NII Holdings, Inc.",1,Brazil
2992,724,2,巴西,Telecom Italia Mobile,1,Brazil
2993,724,3,巴西,Telecom Italia Mobile,1,Brazil
2994,724,4,巴西,Telecom Italia Mobile,1,Brazil
2995,724,5,巴西,Claro,1,Brazil
2996,724,6,巴西,Vivo S.A.,1,Brazil
2997,724,55,巴西,Sercomtel Celular,1,Brazil
2998,724,10,巴西,Vivo S.A.,1,Brazil
2999,724,11,巴西,Vivo S.A.,1,Brazil
3000,724,15,巴西,CTBC Celular S.A.,1,Brazil
3001,724,16,巴西,Brasil Telecom GSM,1,Brazil
3002,724,23,巴西,Vivo S.A.,1,Brazil
3003,724,31,巴西,TNL PCS,1,Brazil
3004,724,32,巴西,CTBC Celular S.A.,1,Brazil
3005,724,33,巴西,CTBC Celular S.A.,1,Brazil
3006,724,34,巴西,CTBC Celular S.A.,1,Brazil
3007,724,39,巴西,"NII Holdings, Inc.",1,Brazil
3008,348,170,英属维尔京群岛(英国),Cable & Wireless,1,British Virgin Islands(United Kingdom)
3009,348,570,英属维尔京群岛(英国),Caribbean Cellular Telephone,1,British Virgin Islands(United Kingdom)
3010,348,770,英属维尔京群岛(英国),Digicel (BVI) Limited,1,British Virgin Islands(United Kingdom)
3011,528,1,文莱,Jabatan Telekom Brunei,1,Brunei
3012,528,2,文莱,B-Mobile Communications Sdn Bhd,1,Brunei
3013,528,11,文莱,Data Stream Technology,1,Brunei
3014,284,1,保加利亚,Mobiltel,1,Bulgaria
3015,284,3,保加利亚,BTC,1,Bulgaria
3016,284,4,保加利亚,Undisclosed,1,Bulgaria
3017,284,5,保加利亚,Cosmo Bulgaria Mobile,1,Bulgaria
3018,613,1,布基纳法索,Onatal,1,Burkina Faso
3019,613,2,布基纳法索,Celtel Burkina Faso,1,Burkina Faso
3020,613,3,布基纳法索,Telecel Faso SA,1,Burkina Faso
3021,642,1,布隆迪,Econet Wireless Burundi PLC,1,Burundi
3022,642,2,布隆迪,Africell PLC,1,Burundi
3023,642,3,布隆迪,Onatel,1,Burundi
3024,642,7,布隆迪,LACELL SU,1,Burundi
3025,642,8,布隆迪,HiTs Telecom,1,Burundi
3026,642,82,布隆迪,U-COM Burundi S.A.,1,Burundi
3027,456,1,柬埔寨,CamGSM,1,Cambodia
3028,456,2,柬埔寨,Telekom Malaysia International (Cambodia) Co. Ltd,1,Cambodia
3029,456,3,柬埔寨,S Telecom,1,Cambodia
3030,456,4,柬埔寨,Cambodia Advance Communications Co. Ltd,1,Cambodia
3031,456,5,柬埔寨,APPLIFONE CO. LTD.,1,Cambodia
3032,456,6,柬埔寨,"Latelz Co., Ltd",1,Cambodia
3033,456,18,柬埔寨,Camshin / Shinawatra,1,Cambodia
3034,456,9,柬埔寨,Sotelco Ltd.,1,Cambodia
3035,456,8,柬埔寨,Viettel,1,Cambodia
3036,624,1,喀麦隆,Mobile Telephone Network Cameroon Ltd,1,Cameroon
3037,624,2,喀麦隆,Orange Cameroun S.A.,1,Cameroon
3038,302,220,加拿大,Telus Mobility,1,Canada
3039,302,221,加拿大,Telus Mobility,1,Canada
3040,302,270,加拿大,EastLink,1,Canada
3041,302,290,加拿大,Airtel Wireless,1,Canada
3042,302,320,加拿大,DAVE Wireless,1,Canada
3043,302,350,加拿大,FIRST Networks Operations,1,Canada
3044,302,360,加拿大,Telus Mobility,1,Canada
3045,302,361,加拿大,Telus Mobility,1,Canada
3046,302,370,加拿大,Fido Solutions (Rogers Wireless),1,Canada
3047,302,380,加拿大,Dryden Mobility,1,Canada
3048,302,490,加拿大,Globalive Communications,1,Canada
3049,302,500,加拿大,Videotron,1,Canada
3050,302,510,加拿大,Videotron,1,Canada
3051,302,610,加拿大,Bell Mobility,1,Canada
3052,302,610,加拿大,Virgin Mobile Canada,1,Canada
3053,302,620,加拿大,ICE Wireless,1,Canada
3054,302,640,加拿大,Bell Mobility,1,Canada
3055,302,652,加拿大,BC Tel Mobility (Telus),1,Canada
3056,302,653,加拿大,Telus Mobility,1,Canada
3057,302,655,加拿大,MTS Mobility,1,Canada
3058,302,656,加拿大,Thunder Bay Telephone Mobility,1,Canada
3059,302,657,加拿大,Telus Mobility,1,Canada
3060,302,660,加拿大,MTS Mobility,1,Canada
3061,302,680,加拿大,SaskTel Mobility,1,Canada
3062,302,701,加拿大,MB Tel Mobility,1,Canada
3063,302,702,加拿大,MT&T Mobility (Aliant),1,Canada
3064,302,703,加拿大,New Tel Mobility (Aliant),1,Canada
3065,302,720,加拿大,Rogers Communications,1,Canada
3066,302,780,加拿大,SaskTel Mobility,1,Canada
3067,302,880,加拿大,"Shared Telus, Bell, and SaskTel",1,Canada
3068,625,1,佛得角,"CVMovel, S.A.",1,Cape Verde
3069,625,2,佛得角,T+,1,Cape Verde
3070,346,140,开曼群岛(英国),Cable & Wireless (Cayman Islands) Limited,1,Cayman Islands(United Kingdom)
3071,346,50,开曼群岛(英国),Digicel Cayman Ltd.,1,Cayman Islands(United Kingdom)
3072,623,1,中非共和国,Centrafrique Telecom Plus,1,Central African Republic
3073,623,2,中非共和国,Telecel Centrafrique,1,Central African Republic
3074,623,3,中非共和国,Orange RCA,1,Central African Republic
3075,623,4,中非共和国,Nationlink Telecom RCA,1,Central African Republic
3076,622,1,查德,Bharti Airtel SA,1,Blanchard
3077,622,2,查德,Tchad Mobile,1,Blanchard
3078,622,3,查德,TIGO - Millicom,1,Blanchard
3079,622,4,查德,Sotel Mobile,1,Blanchard
3080,730,1,智利,Entel PCS Telecomunicaciones S.A.,1,Chile
3081,730,2,智利,Telefónica Móvil de Chile,1,Chile
3082,730,3,智利,Claro Chile S.A.,1,Chile
3083,730,4,智利,Centennial Cayman Corp. Chile,1,Chile
3084,730,8,智利,VTR S.A.,1,Chile
3085,730,9,智利,Centennial Cayman Corp. Chile,1,Chile
3086,730,10,智利,Entel Telefonía Móvil S.A.,1,Chile
3087,730,99,智利,WILL Telefonía,1,Chile
3088,460,0,中国,移动,1,China
3089,460,1,中国,联通,1,China
3090,460,2,中国,移动,0,China
3091,460,11,中国,电信,1,China
3092,460,5,中国,电信,0,China
3093,460,6,中国,联通,0,China
3094,460,7,中国,移动,0,China
3095,460,20,中国,铁通,0,China
3096,460,3,中国,电信,1,China
3097,732,1,哥伦比亚,Colombia Telecomunicaciones S.A.,1,Colombia
3098,732,2,哥伦比亚,Edatel S.A.,1,Colombia
3099,732,101,哥伦比亚,Comcel Colombia,1,Colombia
3100,732,102,哥伦比亚,Bellsouth Colombia,1,Colombia
3101,732,103,哥伦比亚,Colombia Móvil,1,Colombia
3102,732,111,哥伦比亚,Colombia Móvil,1,Colombia
3103,732,123,哥伦比亚,Telefónica Móviles Colombia,1,Colombia
3104,654,1,科摩罗,HURI - SNPT,1,Comoros
3105,629,1,刚果共和国,Celtel Congo,1,Republic of the Congo
3106,629,10,刚果共和国,MTN CONGO S.A,1,Republic of the Congo
3107,629,7,刚果共和国,Warid Telecom,1,Republic of the Congo
3108,548,1,库克群岛(新西兰),Telecom Cook,1,Cook Islands(New Zealand)
3109,712,1,哥斯达黎加,Instituto Costarricense de Electricidad,1,Costa Rica
3110,712,2,哥斯达黎加,Instituto Costarricense de Electricidad,1,Costa Rica
3111,712,3,哥斯达黎加,Claro CR Telecomunicaciones,1,Costa Rica
3112,712,4,哥斯达黎加,Telefonica Móviles Costa Rica,1,Costa Rica
3113,219,1,克罗地亚,T-Mobile Croatia,1,Croatia
3114,219,2,克罗地亚,Tele2,1,Croatia
3115,219,10,克罗地亚,Vipnet,1,Croatia
3116,368,1,古巴,"Empresa de Telecomunicaciones de Cuba, SA",1,Cuba
3117,280,1,塞浦路斯,Cyprus Telecommunications Auth,1,Cyprus
3118,280,10,塞浦路斯,Areeba Ltd,1,Cyprus
3119,230,1,捷克,T-Mobile Czech Republic,1,Czech
3120,230,2,捷克,Telefónica Czech Republic,1,Czech
3121,230,3,捷克,Vodafone Czech Republic,1,Czech
3122,230,4,捷克,"MobilKom, a. s.",1,Czech
3123,230,5,捷克,"TRAVEL TELEKOMMUNIKATION, s.r.o.",1,Czech
3124,230,6,捷克,"OSNO TELECOMUNICATION, s.r.o.",1,Czech
3125,230,98,捷克,"Správa elezniní dopravní cesty, s.o.",1,Czech
3126,230,99,捷克,Vodafone Czech Republic,1,Czech
3127,630,1,刚果民主共和国,Vodacom Congo RDC sprl,1,Democratic Republic of the Congo
3128,630,2,刚果民主共和国,Celtel Congo,1,Democratic Republic of the Congo
3129,630,4,刚果民主共和国,Cellco,1,Democratic Republic of the Congo
3130,630,5,刚果民主共和国,Supercell SPRL,1,Democratic Republic of the Congo
3131,630,86,刚果民主共和国,Congo-Chine Telecom s.a.r.l.,1,Democratic Republic of the Congo
3132,630,89,刚果民主共和国,OASIS SPRL,1,Democratic Republic of the Congo
3133,238,1,丹麦,TDC A/S,1,Denmark
3134,238,2,丹麦,Telenor Denmark,1,Denmark
3135,238,3,丹麦,MIGway A/S,1,Denmark
3136,238,5,丹麦,ApS KBUS,1,Denmark
3137,238,6,丹麦,Hi3G Denmark ApS,1,Denmark
3138,238,7,丹麦,Barablu Mobile Ltd.,1,Denmark
3139,238,9,丹麦,Dansk Beredskabskommunikation A/S,1,Denmark
3140,238,10,丹麦,TDC A/S,1,Denmark
3141,238,11,丹麦,Dansk Beredskabskommunikation A/S,1,Denmark
3142,238,12,丹麦,Lycamobile Denmark Ltd,1,Denmark
3143,238,20,丹麦,,1,Denmark
3144,238,30,丹麦,Telia Nttjnster Norden AB,1,Denmark
3145,238,40,丹麦,Ericsson Danmark A/S,1,Denmark
3146,238,77,丹麦,Telenor Denmark,1,Denmark
3147,638,1,吉布提,Djibouti Telecom SA,1,Djibouti
3148,366,20,多米尼克,Digicel Group Limited,1,Dominica
3149,366,110,多米尼克,Cable & Wireless,1,Dominica
3150,370,1,多米尼加共和国,Orange Dominicana,1,Dominican Republic
3151,370,2,多米尼加共和国,"Compaía Dominicana de Teléfonos, C por",1,Dominican Republic
3152,370,3,多米尼加共和国,Tricom S.A.,1,Dominican Republic
3153,370,4,多米尼加共和国,"Trilogy Dominicana, S.A.",1,Dominican Republic
3154,514,2,东帝汶,Timor Telecom,1,East Timor
3155,740,0,厄瓜多尔,Otecel S.A.,1,Ecuador
3156,740,1,厄瓜多尔,CONECEL S.A.,1,Ecuador
3157,740,2,厄瓜多尔,Corporación Nacional de Telecomunicaciones CNT EP,1,Ecuador
3158,602,1,埃及,ECMS-Mobinil,1,Egypt
3159,602,2,埃及,Vodafone Egypt,1,Egypt
3160,602,3,埃及,Etisalat Egypt,1,Egypt
3161,706,1,萨尔瓦多,CTE Telecom Personal SA de CV,1,Salvador
3162,706,2,萨尔瓦多,Digicel Group,1,Salvador
3163,706,3,萨尔瓦多,Telemovil EL Salvador S.A.,1,Salvador
3164,706,4,萨尔瓦多,Telefónica Móviles El Salvador,1,Salvador
3165,706,11,萨尔瓦多,América Móvil,1,Salvador
3166,627,1,赤道几内亚,GETESA,1,Equatorial Guinea
3167,627,3,赤道几内亚,HiTs EG.SA,1,Equatorial Guinea
3168,657,1,厄立特里亚,Eritrea Telecommunications Services Corporation,1,Eritrea
3169,248,1,爱沙尼亚,Estonian Mobile Telecom,1,Estonia
3170,248,2,爱沙尼亚,Elisa Eesti,1,Estonia
3171,248,3,爱沙尼亚,Tele 2 Eesti,1,Estonia
3172,248,4,爱沙尼亚,OY Top Connect,1,Estonia
3173,248,5,爱沙尼亚,AS Bravocom Mobiil,1,Estonia
3174,248,6,爱沙尼亚,Progroup Holding,1,Estonia
3175,636,1,埃塞俄比亚,Ethio Telecom,1,Ethiopia
3176,288,1,法罗群岛(丹麦),Faroese Telecom,1,Faroe Islands(Denmark)
3177,288,2,法罗群岛(丹麦),Vodafone Faroe Islands,1,Faroe Islands(Denmark)
3178,542,1,斐济,Vodafone Fiji,1,Fiji
3179,542,2,斐济,Digicel Fiji,1,Fiji
3180,244,3,芬兰,DNA Oy,1,Finland
3181,244,5,芬兰,Elisa Oyj,1,Finland
3182,244,7,芬兰,Nokia Test Network,1,Finland
3183,244,8,芬兰,Unknown,1,Finland
3184,244,10,芬兰,TDC Oy,1,Finland
3185,244,11,芬兰,Suomen Erillisverkot Oy,1,Finland
3186,244,12,芬兰,DNA Oy,1,Finland
3187,244,14,芬兰,lands Mobiltelefon,1,Finland
3188,244,15,芬兰,Samk student network,1,Finland
3189,244,21,芬兰,Elisa Oyj,1,Finland
3190,244,29,芬兰,Scnl Truphone,1,Finland
3191,244,91,芬兰,TeliaSonera Finland Oyj,1,Finland
3192,208,0,法国,France Télécom,1,France
3193,208,1,法国,France Télécom,1,France
3194,208,2,法国,France Télécom,1,France
3195,208,5,法国,Globalstar Europe,1,France
3196,208,6,法国,Globalstar Europe,1,France
3197,208,7,法国,Globalstar Europe,1,France
3198,208,10,法国,Vivendi,1,France
3199,208,11,法国,Vivendi,1,France
3200,208,13,法国,Vivendi,1,France
3201,208,14,法国,Iliad,1,France
3202,208,15,法国,Iliad,1,France
3203,208,20,法国,Bouygues Telecom,1,France
3204,208,21,法国,Bouygues Telecom,1,France
3205,208,22,法国,Transatel,1,France
3206,208,88,法国,Bouygues Telecom,1,France
3207,547,20,法属波利尼西亚(法国),Tikiphone SA,1,French Polynesia(France)
3208,628,1,加蓬,Gabon Telecom & Libertis S.A.,1,Gabon
3209,628,2,加蓬,Atlantique Télécom (Etisalat Group) Gabon S.A.,1,Gabon
3210,628,3,加蓬,Airtel Gabon S.A.,1,Gabon
3211,628,4,加蓬,USAN Gabon S.A.,1,Gabon
3212,607,1,冈比亚,Gamcel,1,Gambia
3213,607,2,冈比亚,Africel,1,Gambia
3214,607,3,冈比亚,Comium,1,Gambia
3215,607,4,冈比亚,QCell Gambia,1,Gambia
3216,282,1,乔治亚,Geocell Limited,1,Georgia
3217,282,2,乔治亚,Magticom GSM,1,Georgia
3218,282,3,乔治亚,Magtifix,1,Georgia
3219,282,4,乔治亚,Mobitel LLC,1,Georgia
3220,282,5,乔治亚,Silknet CDMA,1,Georgia
3221,262,1,德国,T-Mobile Deutschland GmbH,1,Germany
3222,262,2,德国,Vodafone D2 GmbH,1,Germany
3223,262,3,德国,E-Plus Mobilfunk,1,Germany
3224,262,5,德国,E-Plus Mobilfunk,1,Germany
3225,262,7,德国,O2 (Germany) GmbH & Co. OHG,1,Germany
3226,262,10,德国,Arcor AG & Co,1,Germany
3227,262,12,德国,Dolphin Telecom,1,Germany
3228,262,13,德国,Mobilcom Multimedia,1,Germany
3229,262,14,德国,Group 3G UMTS,1,Germany
3230,262,42,德国,Chaos Computer Club,1,Germany
3231,262,43,德国,Lycamobile,1,Germany
3232,262,60,德国,DB Telematik,1,Germany
3233,262,76,德国,Siemens AG,1,Germany
3234,620,1,加纳,MTN Group,1,Ghana
3235,620,2,加纳,Vodafone Group,1,Ghana
3236,620,3,加纳,Millicom Ghana,1,Ghana
3237,620,4,加纳,Kasapa / Hutchison Telecom,1,Ghana
3238,620,6,加纳,Airtel,1,Ghana
3239,266,1,直布罗陀(英国),Gibraltar Telecoms,1,Gibraltar (United Kingdom)
3240,266,6,直布罗陀(英国),CTS Gibraltar,1,Gibraltar (United Kingdom)
3241,202,1,希腊,COSMOTE - Mobile Telecommunications S.A.,1,Greece
3242,202,5,希腊,Vodafone Greece,1,Greece
3243,202,9,希腊,Wind Hellas Telecommunications S.A. (Q-Telecom),1,Greece
3244,202,10,希腊,Wind Hellas Telecommunications S.A.,1,Greece
3245,290,1,格陵兰(丹麦),TELE Greenland A/S,1,Greenland (Denmark)
3246,352,30,格林纳达,Digicel Grenada Ltd.,1,Grenada
3247,352,110,格林纳达,Cable & Wireless Grenada Ltd.,1,Grenada
3248,340,1,瓜德罗普和马提尼克岛(法国),Orange Carabe Mobiles,1,Guadeloupe and Martinique(France)
3249,340,2,瓜德罗普和马提尼克岛(法国),Outremer Telecom,1,Guadeloupe and Martinique(France)
3250,340,3,瓜德罗普和马提尼克岛(法国),Saint Martin et Saint Barthelemy Telcell Sarl,1,Guadeloupe and Martinique(France)
3251,340,8,瓜德罗普和马提尼克岛(法国),Dauphin Telecom,1,Guadeloupe and Martinique(France)
3252,340,20,瓜德罗普和马提尼克岛(法国),DIGICEL Antilles Franaise Guyane,1,Guadeloupe and Martinique(France)
3253,310,32,美国,"IT&E Overseas, Inc",1,USA
3254,310,33,美国,Guam Telephone Authority,1,USA
3255,310,140,美国,GTA Wireless,1,USA
3256,310,370,美国,docomo Pacific,1,USA
3257,311,250,美国,Wave Runner LLC,1,USA
3258,310,470,美国,docomo Pacific,1,USA
3259,704,1,危地马拉,Servicios de Comunicaciones Personales Inalambrica,1,Guatemala
3260,704,2,危地马拉,Millicom / Local partners,1,Guatemala
3261,704,3,危地马拉,Telefonica Móviles Guatemala (Telefónica),1,Guatemala
3262,234,55,英国,Cable & Wireless Guernsey,1,United Kingdom
3263,234,50,英国,Wave Telecom (JT-Wave),1,United Kingdom
3264,234,3,英国,Guernsey Airtel Ltd,1,United Kingdom
3265,611,1,几内亚,Orange,1,Guinea
3266,611,2,几内亚,Sotelgui Lagui,1,Guinea
3267,611,3,几内亚,INTERCEL Guinée,1,Guinea
3268,611,4,几内亚,Areeba Guinea,1,Guinea
3269,611,5,几内亚,Cellcom,1,Guinea
3270,632,2,几内亚比绍,Spacetel Guiné-Bissau S.A.,1,Guinea-Bissau
3271,738,1,圭亚那,U-Mobile (Cellular) Inc.,1,Guyana
3272,738,2,圭亚那,Guyana Telephone & Telegraph Co.,1,Guyana
3273,372,1,海地,Communication Cellulaire d'Haiti S.A.,1,Haiti
3274,372,2,海地,Unigestion Holding S.A.,1,Haiti
3275,372,3,海地,Telecommunication S.A.,1,Haiti
3276,708,1,洪都拉斯,Servicios de Comunicaciones de Honduras S.A. de C.,1,Honduras
3277,708,2,洪都拉斯,Celtel / Tigo,1,Honduras
3278,708,30,洪都拉斯,Empresa Hondurea de Telecomunicaciones,1,Honduras
3279,708,40,洪都拉斯,Digicel de Honduras,1,Honduras
3280,454,0,香港,CSL Limited merged New World,1,Hong Kong
3281,454,1,香港,CITIC Telecom 1616,1,Hong Kong
3282,454,2,香港,CSL Limited,1,Hong Kong
3283,454,3,香港,Hutchison Telecom,1,Hong Kong
3284,454,4,香港,Hutchison Telecom,1,Hong Kong
3285,454,5,香港,Hutchison Telecom,1,Hong Kong
3286,454,6,香港,SmarTone Mobile Communications Limited,1,Hong Kong
3287,454,7,香港,China Unicom (Hong Kong) Limited,1,Hong Kong
3288,454,8,香港,Trident Telecom,1,Hong Kong
3289,454,9,香港,China Motion Telecom,1,Hong Kong
3290,454,10,香港,CSL Limited,1,Hong Kong
3291,454,11,香港,China-Hong Kong Telecom,1,Hong Kong
3292,454,12,香港,China Mobile Hong Kong Company Limited,1,Hong Kong
3293,454,14,香港,Hutchison Telecom,1,Hong Kong
3294,454,15,香港,SmarTone Mobile Communications Limited,1,Hong Kong
3295,454,16,香港,PCCW Limited,1,Hong Kong
3296,454,17,香港,SmarTone Mobile Communications Limited,1,Hong Kong
3297,454,18,香港,CSL Limited,1,Hong Kong
3298,454,19,香港,PCCW Limited,1,Hong Kong
3299,454,29,香港,PCCW Limited,1,Hong Kong
3300,216,1,匈牙利,Telenor Magyarország Zrt.,1,Hungary
3301,216,30,匈牙利,Magyar Telekom Plc,1,Hungary
3302,216,70,匈牙利,Vodafone Magyarország Zrt.,1,Hungary
3303,274,1,冰岛,Iceland Telecom,1,Iceland
3304,274,2,冰岛,Og fjarskipti hf,1,Iceland
3305,274,3,冰岛,Vodafone Iceland,1,Iceland
3306,274,4,冰岛,IMC Island ehf,1,Iceland
3307,274,6,冰岛,Núll níu ehf,1,Iceland
3308,274,7,冰岛,IceCell ehf,1,Iceland
3309,274,8,冰岛,Iceland Telecom,1,Iceland
3310,274,11,冰岛,Nova ehf,1,Iceland
3311,274,12,冰岛,Tal hf,1,Iceland
3312,404,1,印度,Haryana,1,India
3313,404,2,印度,Punjab,1,India
3314,404,3,印度,Himachal Pradesh,1,India
3315,404,4,印度,Delhi & NCR,1,India
3316,404,5,印度,Gujarat,1,India
3317,404,7,印度,Andhra Pradesh,1,India
3318,404,9,印度,Assam,1,India
3319,404,10,印度,Delhi & NCR,1,India
3320,404,11,印度,Delhi & NCR,1,India
3321,404,12,印度,Haryana,1,India
3322,404,13,印度,Andhra Pradesh,1,India
3323,404,14,印度,Punjab,1,India
3324,404,15,印度,Uttar Pradesh (East),1,India
3325,404,17,印度,West Bengal,1,India
3326,404,19,印度,Kerala,1,India
3327,404,20,印度,Mumbai,1,India
3328,404,21,印度,Mumbai,1,India
3329,404,22,印度,Maharashtra & Goa,1,India
3330,404,24,印度,Gujarat,1,India
3331,404,25,印度,Bihar,1,India
3332,404,27,印度,Maharashtra & Goa,1,India
3333,404,28,印度,Orissa,1,India
3334,404,29,印度,Assam,1,India
3335,404,30,印度,Kolkata,1,India
3336,404,31,印度,Kolkata,1,India
3337,404,34,印度,Haryana,1,India
3338,404,36,印度,Bihar & Jharkhand,1,India
3339,404,37,印度,Jammu & Kashmir,1,India
3340,404,38,印度,Assam,1,India
3341,404,41,印度,Chennai,1,India
3342,404,42,印度,Tamil Nadu,1,India
3343,404,44,印度,Karnataka,1,India
3344,404,45,印度,Karnataka,1,India
3345,404,46,印度,Kerala,1,India
3346,404,48,印度,Unknown,1,India
3347,404,49,印度,Andhra Pradesh,1,India
3348,404,51,印度,Himachal Pradesh,1,India
3349,404,52,印度,Orissa,1,India
3350,404,53,印度,Punjab,1,India
3351,404,54,印度,Uttar Pradesh (West),1,India
3352,404,55,印度,Uttar Pradesh (East),1,India
3353,404,71,印度,Karnataka (Bangalore),1,India
3354,404,56,印度,Uttar Pradesh (West),1,India
3355,404,57,印度,Gujarat,1,India
3356,404,58,印度,Madhya Pradesh & Chhattisgarh,1,India
3357,404,59,印度,Rajasthan,1,India
3358,404,60,印度,Rajasthan,1,India
3359,404,62,印度,Jammu & Kashmir,1,India
3360,404,64,印度,Chennai,1,India
3361,404,66,印度,Maharashtra & Goa,1,India
3362,404,67,印度,Madhya Pradesh & Chhattisgarh,1,India
3363,404,68,印度,Delhi & NCR,1,India
3364,404,69,印度,Mumbai,1,India
3365,404,72,印度,Kerala,1,India
3366,404,74,印度,West Bengal,1,India
3367,404,76,印度,Orissa,1,India
3368,404,78,印度,Madhya Pradesh & Chattishgarh,1,India
3369,404,80,印度,Bharat Sanchar Nigam Limited,1,India
3370,404,81,印度,Kolkata,1,India
3371,404,82,印度,Himachal Pradesh,1,India
3372,404,83,印度,Kolkata,1,India
3373,404,84,印度,Chennai,1,India
3374,404,85,印度,West Bengal,1,India
3375,404,86,印度,Karnataka,1,India
3376,404,87,印度,Rajisthan,1,India
3377,404,88,印度,Vodafone Punjab,1,India
3378,404,89,印度,Uttar Pradesh (East),1,India
3379,404,90,印度,Maharashtra & Goa,1,India
3380,404,91,印度,Kolkata,1,India
3381,404,92,印度,Mumbai,1,India
3382,404,93,印度,Madhya Pradesh,1,India
3383,404,96,印度,Haryana,1,India
3384,405,1,印度,Andhra Pradesh,1,India
3385,405,3,印度,Bihar,1,India
3386,405,4,印度,Chennai,1,India
3387,405,5,印度,Delhi & NCR,1,India
3388,405,9,印度,Jammu & Kashmir,1,India
3389,405,10,印度,Karnataka,1,India
3390,405,13,印度,Maharashtra & Goa,1,India
3391,405,25,印度,Andhra Pradesh,1,India
3392,405,26,印度,Assam,1,India
3393,405,27,印度,Bihar/Jharkhand,1,India
3394,405,29,印度,Delhi,1,India
3395,405,30,印度,Gujarat,1,India
3396,405,31,印度,Haryana,1,India
3397,405,32,印度,Himachal Pradesh,1,India
3398,405,33,印度,Jammu & Kashmir,1,India
3399,405,34,印度,Karnataka,1,India
3400,405,35,印度,Kerala,1,India
3401,405,36,印度,Kolkata,1,India
3402,405,37,印度,Maharashtra & Goa,1,India
3403,405,38,印度,Madhya Pradesh,1,India
3404,405,39,印度,Mumbai,1,India
3405,405,41,印度,Orissa,1,India
3406,405,42,印度,Punjab,1,India
3407,405,43,印度,Rajasthan,1,India
3408,405,44,印度,Tamil Nadu including Chennai,1,India
3409,405,45,印度,[Uttar Pradesh (E)],1,India
3410,405,46,印度,[Uttar Pradesh (W) & Uttarkhand ],1,India
3411,405,47,印度,[West Bengal],1,India
3412,405,51,印度,West Bengal,1,India
3413,405,52,印度,Bihar & Jharkhand,1,India
3414,405,54,印度,Uttar Pradesh (East),1,India
3415,405,55,印度,Jammu & Kashmir,1,India
3416,405,56,印度,Assam,1,India
3417,405,66,印度,Uttar Pradesh (West),1,India
3418,405,70,印度,Bihar & Jharkhand,1,India
3419,405,750,印度,Jammu & Kashmir,1,India
3420,405,751,印度,Assam,1,India
3421,405,752,印度,Bihar & Jharkhand,1,India
3422,405,753,印度,Orissa,1,India
3423,405,754,印度,Himachal Pradesh,1,India
3424,405,755,印度,North East,1,India
3425,405,756,印度,Madhya Pradesh & Chhattisgarh,1,India
3426,405,799,印度,Mumbai,1,India
3427,405,800,印度,Delhi & NCR,1,India
3428,405,801,印度,Andhra Pradesh,1,India
3429,405,802,印度,Gujarat,1,India
3430,405,803,印度,Karnataka,1,India
3431,405,804,印度,Maharashtra & Goa,1,India
3432,405,805,印度,Mumbai,1,India
3433,405,806,印度,Rajasthan,1,India
3434,405,807,印度,Haryana,1,India
3435,405,808,印度,Madhya Pradesh,1,India
3436,405,809,印度,Kerala,1,India
3437,405,810,印度,Uttar Pradesh (East),1,India
3438,405,811,印度,Uttar Pradesh (West),1,India
3439,405,812,印度,Punjab,1,India
3440,405,819,印度,Andhra Pradesh,1,India
3441,405,818,印度,Uttar Pradesh (West),1,India
3442,405,820,印度,Karnataka,1,India
3443,405,821,印度,Kerala,1,India
3444,405,822,印度,Kolkata,1,India
3445,405,824,印度,Assam,1,India
3446,405,827,印度,Gujarat,1,India
3447,405,834,印度,Madhya Pradesh,1,India
3448,405,844,印度,Delhi & NCR,1,India
3449,405,845,印度,Assam,1,India
3450,405,86,印度,Jammu & Kashmir,1,India
3451,405,848,印度,Kolkata,1,India
3452,405,850,印度,Orissa,1,India
3453,405,855,印度,Assam,1,India
3454,405,864,印度,Kolkata,1,India
3455,405,865,印度,Madhya Pradesh,1,India
3456,405,875,印度,Assam,1,India
3457,405,880,印度,West Bengal,1,India
3458,405,881,印度,Assam,1,India
3459,405,912,印度,Andhra Pradesh,1,India
3460,405,913,印度,Delhi & NCR,1,India
3461,405,914,印度,Gujarat,1,India
3462,405,917,印度,Kerala,1,India
3463,404,927,印度,Gujarat,1,India
3464,405,929,印度,Maharashtra,1,India
3465,510,0,印度尼西亚,PT Pasifik Satelit Nusantara (ACeS),1,Indonesia
3466,510,1,印度尼西亚,PT Indonesian Satellite Corporation Tbk (INDOSAT),1,Indonesia
3467,510,3,印度尼西亚,PT Indosat Tbk,1,Indonesia
3468,510,7,印度尼西亚,PT Telkom,1,Indonesia
3469,510,8,印度尼西亚,PT Natrindo Telepon Seluler,1,Indonesia
3470,510,9,印度尼西亚,PT Smart Telecom,1,Indonesia
3471,510,10,印度尼西亚,PT Telekomunikasi Selular,1,Indonesia
3472,510,11,印度尼西亚,PT XL Axiata Tbk,1,Indonesia
3473,510,20,印度尼西亚,PT Telkom Indonesia Tbk,1,Indonesia
3474,510,21,印度尼西亚,PT Indonesian Satellite Corporation Tbk (INDOSAT),1,Indonesia
3475,510,27,印度尼西亚,PT Sampoerna Telekomunikasi Indonesia,1,Indonesia
3476,510,28,印度尼西亚,PT Mobile-8 Telecom,1,Indonesia
3477,510,89,印度尼西亚,PT Hutchison CP Telecommunications,1,Indonesia
3478,510,99,印度尼西亚,PT Bakrie Telecom,1,Indonesia
3479,432,11,伊朗,Mobile Communications Company of Iran,1,Iran
3480,432,14,伊朗,KFZO,1,Iran
3481,432,19,伊朗,Mobile Telecommunications Company of Esfahan,1,Iran
3482,432,32,伊朗,Rafsanjan Industrial Complex,1,Iran
3483,432,35,伊朗,Irancell Telecommunications Services Company,1,Iran
3484,432,70,伊朗,Telephone Communications Company of Iran,1,Iran
3485,432,93,伊朗,Iraphone,1,Iran
3486,418,5,伊拉克,Asia Cell Telecommunications Company,1,Iraq
3487,418,20,伊拉克,Zain Iraq,1,Iraq
3488,418,30,伊拉克,Zain Iraq,1,Iraq
3489,418,40,伊拉克,Korek Telecom Ltd,1,Iraq
3490,418,45,伊拉克,Mobitel Co. Ltd.,1,Iraq
3491,418,92,伊拉克,Omnnea Wireless,1,Iraq
3492,272,1,爱尔兰共和国,Vodafone Ireland,1,Republic of Ireland
3493,272,2,爱尔兰共和国,O2 Ireland,1,Republic of Ireland
3494,272,3,爱尔兰共和国,Meteor Mobile Communications,1,Republic of Ireland
3495,272,4,爱尔兰共和国,Access Telecom,1,Republic of Ireland
3496,272,5,爱尔兰共和国,Hutchison 3G Ireland limited,1,Republic of Ireland
3497,272,7,爱尔兰共和国,Eircom Mobile,1,Republic of Ireland
3498,272,9,爱尔兰共和国,Clever Communications,1,Republic of Ireland
3499,272,11,爱尔兰共和国,Liffey Telecom,1,Republic of Ireland
3500,234,58,英国,Manx Telecom,1,United Kingdom
3501,234,9,英国,Cable & Wireless Isle of Man Ltd.,1,United Kingdom
3502,234,0,英国,Cloud 9 Mobile Communications PLC,1,United Kingdom
3503,425,1,以色列&巴勒斯坦,Partner Communications Company Ltd,1,Israel & Palestine
3504,222,1,意大利,Telecom Italia SpA,1,Italy
3505,222,10,意大利,Vodafone Omnitel N.V.,1,Italy
3506,222,30,意大利,Rete Ferroviaria Italiana,1,Italy
3507,222,88,意大利,Wind Telecomunicazioni SpA,1,Italy
3508,222,99,意大利,Hutchison 3G,1,Italy
3509,612,1,科特迪瓦,Cora de Comstar,1,C?te d'Ivoire
3510,612,4,科特迪瓦,Comium Ivory Coast Inc,1,C?te d'Ivoire
3511,612,6,科特迪瓦,ORICEL,1,C?te d'Ivoire
3512,338,20,牙买加,Cable & Wireless,1,Jamaica
3513,338,50,牙买加,Digicel (Jamaica) Limited,1,Jamaica
3514,338,70,牙买加,Oceanic Digital Jamaica Limited,1,Jamaica
3515,338,180,牙买加,Cable & Wireless,1,Jamaica
3516,440,0,日本,EMOBILE Limited,1,Japan
3517,440,1,日本,NTT docomo,1,Japan
3518,440,2,日本,NTT DoCoMo Kansai,1,Japan
3519,440,3,日本,NTT DoCoMo Hokuriku,1,Japan
3520,440,4,日本,SoftBank Mobile Corp,1,Japan
3521,440,6,日本,SoftBank Mobile Corp,1,Japan
3522,440,7,日本,KDDI Corporation,1,Japan
3523,440,8,日本,KDDI Corporation,1,Japan
3524,440,9,日本,NTT DoCoMo Kansai,1,Japan
3525,440,10,日本,NTT DoCoMo Kansai,1,Japan
3526,440,11,日本,NTT DoCoMo Tokai,1,Japan
3527,440,12,日本,NTT DoCoMo,1,Japan
3528,440,13,日本,NTT DoCoMo,1,Japan
3529,440,14,日本,NTT DoCoMo Tohoku,1,Japan
3530,440,15,日本,NTT DoCoMo,1,Japan
3531,440,16,日本,NTT DoCoMo,1,Japan
3532,440,17,日本,NTT DoCoMo,1,Japan
3533,440,18,日本,NTT DoCoMo Tokai,1,Japan
3534,440,19,日本,NTT DoCoMo Hokkaido,1,Japan
3535,440,20,日本,SoftBank Mobile Corp,1,Japan
3536,440,21,日本,NTT DoCoMo,1,Japan
3537,440,22,日本,NTT DoCoMo Kansai,1,Japan
3538,440,23,日本,NTT DoCoMo Tokai,1,Japan
3539,440,24,日本,NTT DoCoMo Chugoku,1,Japan
3540,440,25,日本,NTT DoCoMo Hokkaido,1,Japan
3541,440,26,日本,NTT DoCoMo Kyushu,1,Japan
3542,440,27,日本,NTT DoCoMoTohoku,1,Japan
3543,440,28,日本,NTT DoCoMo Shikoku,1,Japan
3544,440,29,日本,NTT DoCoMo,1,Japan
3545,440,30,日本,NTT DoCoMo,1,Japan
3546,440,31,日本,NTT DoCoMo Kansai,1,Japan
3547,440,32,日本,NTT DoCoMo,1,Japan
3548,440,33,日本,NTT DoCoMo Tokai,1,Japan
3549,440,34,日本,NTT DoCoMo Kyushu,1,Japan
3550,440,35,日本,NTT DoCoMo Kansai,1,Japan
3551,440,36,日本,NTT DoCoMo,1,Japan
3552,440,37,日本,NTT DoCoMo,1,Japan
3553,440,38,日本,NTT DoCoMo,1,Japan
3554,440,39,日本,NTT DoCoMo,1,Japan
3555,440,40,日本,SoftBank Mobile Corp,1,Japan
3556,440,41,日本,SoftBank Mobile Corp,1,Japan
3557,440,42,日本,SoftBank Mobile Corp,1,Japan
3558,440,43,日本,SoftBank Mobile Corp,1,Japan
3559,440,44,日本,SoftBank Mobile Corp,1,Japan
3560,440,45,日本,SoftBank Mobile Corp,1,Japan
3561,440,46,日本,SoftBank Mobile Corp,1,Japan
3562,440,47,日本,SoftBank Mobile Corp,1,Japan
3563,440,48,日本,SoftBank Mobile Corp,1,Japan
3564,440,49,日本,NTT DoCoMo,1,Japan
3565,440,50,日本,KDDI Corporation,1,Japan
3566,440,51,日本,KDDI Corporation,1,Japan
3567,440,52,日本,KDDI Corporation,1,Japan
3568,440,53,日本,KDDI Corporation,1,Japan
3569,440,54,日本,KDDI Corporation,1,Japan
3570,440,55,日本,KDDI Corporation,1,Japan
3571,440,56,日本,KDDI Corporation,1,Japan
3572,440,58,日本,NTT DoCoMo Kansai,1,Japan
3573,440,60,日本,NTT DoCoMo Kansai,1,Japan
3574,440,61,日本,NTT DoCoMo Chugoku,1,Japan
3575,440,62,日本,NTT DoCoMo Kyushu,1,Japan
3576,440,63,日本,NTT DoCoMo,1,Japan
3577,440,64,日本,NTT DoCoMo,1,Japan
3578,440,65,日本,NTT DoCoMo Shikoku,1,Japan
3579,440,66,日本,NTT DoCoMo,1,Japan
3580,440,67,日本,NTT DoCoMo Tohoku,1,Japan
3581,440,68,日本,NTT DoCoMo Kyushu,1,Japan
3582,440,69,日本,NTT DoCoMo,1,Japan
3583,440,70,日本,KDDI Corporation,1,Japan
3584,440,71,日本,KDDI Corporation,1,Japan
3585,440,72,日本,KDDI Corporation,1,Japan
3586,440,73,日本,KDDI Corporation,1,Japan
3587,440,74,日本,KDDI Corporation,1,Japan
3588,440,75,日本,KDDI Corporation,1,Japan
3589,440,76,日本,KDDI Corporation,1,Japan
3590,440,77,日本,KDDI Corporation,1,Japan
3591,440,78,日本,Okinawa Cellular Telephone,1,Japan
3592,440,79,日本,KDDI Corporation,1,Japan
3593,440,80,日本,TU-KA Cellular Tokyo,1,Japan
3594,440,81,日本,TU-KA Cellular Tokyo,1,Japan
3595,440,82,日本,TU-KA Phone Kansai,1,Japan
3596,440,83,日本,TU-KA Cellular Tokai,1,Japan
3597,440,84,日本,TU-KA Phone Kansai,1,Japan
3598,440,85,日本,TU-KA Cellular Tokai,1,Japan
3599,440,86,日本,TU-KA Cellular Tokyo,1,Japan
3600,440,87,日本,NTT DoCoMo Chugoku,1,Japan
3601,440,88,日本,KDDI Corporation,1,Japan
3602,440,89,日本,KDDI Corporation,1,Japan
3603,440,90,日本,SoftBank Mobile Corp,1,Japan
3604,440,92,日本,SoftBank Mobile Corp,1,Japan
3605,440,93,日本,SoftBank Mobile Corp,1,Japan
3606,440,94,日本,SoftBank Mobile Corp,1,Japan
3607,440,95,日本,SoftBank Mobile Corp,1,Japan
3608,440,96,日本,SoftBank Mobile Corp,1,Japan
3609,440,97,日本,SoftBank Mobile Corp,1,Japan
3610,440,98,日本,SoftBank Mobile Corp,1,Japan
3611,440,99,日本,NTT DoCoMo,1,Japan
3612,234,50,英国,Jersey Telecom (JT-Wave),1,United Kingdom
3613,234,55,英国,Cable & Wireless Jersey Limited,1,United Kingdom
3614,234,3,英国,JERSEY AIRTEL LIMITED,1,United Kingdom
3615,416,1,约旦,Jordan Mobile Telephone Services,1,Jordan
3616,416,3,约旦,Umniah Mobile Company,1,Jordan
3617,416,77,约旦,Petra Jordanian Mobile Telecommunications Company,1,Jordan
3618,401,1,哈萨克,KaR-Tel LLP,1,Kazakhstan
3619,401,2,哈萨克,GSM Kazakhstan Ltd,1,Kazakhstan
3620,401,77,哈萨克,Mobile Telecom Service LLP,1,Kazakhstan
3621,639,2,肯尼亚,Safaricom Limited,1,Kenya
3622,639,3,肯尼亚,B Airtel,1,Kenya
3623,639,7,肯尼亚,Telkom Kenya,1,Kenya
3624,639,5,肯尼亚,Econet Wireless Kenya,1,Kenya
3625,545,9,基里巴斯,Telecom Services Kiribati Ltd,1,Kiribati
3626,467,192,北朝鲜,Cheo Technology Jv Company,1,North Korea
3627,467,193,北朝鲜,Korea Posts and Telecommunications Corporation,1,North Korea
3628,450,2,韩国,KT,1,Korea
3629,450,3,韩国,"Shinsegi Telecom, Inc.",1,Korea
3630,450,4,韩国,KT,1,Korea
3631,450,5,韩国,SK Telecom,1,Korea
3632,450,6,韩国,LG Telecom,1,Korea
3633,450,8,韩国,KT,1,Korea
3634,212,1,摩纳哥,PTK - Directory of Post of Kosovo,1,Monaco
3635,293,41,斯洛文尼亚,IPKO,1,Slovenia
3636,293,41,斯洛文尼亚,Dukagjini,1,Slovenia
3637,212,1,摩纳哥,Dardaphone,1,Monaco
3638,419,2,科威特,Zain Kuwait,1,Kuwait
3639,419,3,科威特,National Mobile Telecommunications,1,Kuwait
3640,419,4,科威特,Kuwait Telecommunication Company,1,Kuwait
3641,437,1,吉尔吉斯,Sky Mobile LLC,1,Kyrgyz
3642,437,3,吉尔吉斯,Aktel Ltd,1,Kyrgyz
3643,437,5,吉尔吉斯,Alfa Telecom CJSC,1,Kyrgyz
3644,437,9,吉尔吉斯,NurTelecom LLC,1,Kyrgyz
3645,457,1,老挝,LaoTelecom,1,Laos
3646,457,2,老挝,Enterprise of Telecommunications Lao,1,Laos
3647,457,3,老挝,"Star Telecom Co., Ltd",1,Laos
3648,457,8,老挝,Millicom Lao Co Ltd,1,Laos
3649,247,1,拉脱维亚,Latvian Mobile Telephone,1,Latvia
3650,247,2,拉脱维亚,Tele2,1,Latvia
3651,247,3,拉脱维亚,Telekom Baltija,1,Latvia
3652,247,5,拉脱维亚,Bite Latvija,1,Latvia
3653,247,6,拉脱维亚,Rigatta,1,Latvia
3654,247,7,拉脱维亚,Master Telecom,1,Latvia
3655,247,8,拉脱维亚,IZZI,1,Latvia
3656,247,9,拉脱维亚,Camel Mobile,1,Latvia
3657,415,1,黎巴嫩,MIC 1,1,Lebanon
3658,415,3,黎巴嫩,MIC 2,1,Lebanon
3659,415,5,黎巴嫩,Ogero Telecom,1,Lebanon
3660,651,1,莱索托,Vodacom Lesotho (Pty) Ltd,1,Lesotho
3661,651,2,莱索托,Econet Ezin-cel,1,Lesotho
3662,618,1,利比里亚,Lonestar Communications Corporation,1,Liberia
3663,618,2,利比里亚,Atlantic Wireless (Liberia) Inc.,1,Liberia
3664,618,4,利比里亚,Comium Liberia,1,Liberia
3665,618,7,利比里亚,"Cellcom Telecommunications, Inc",1,Liberia
3666,618,20,利比里亚,Liberia Telecommunications Corporation,1,Liberia
3667,606,0,利比亚,Libyana,1,Libya
3668,606,1,利比亚,Al-Madar Al-Jadeed,1,Libya
3669,606,2,利比亚,Al-Jeel Al-Jadeed,1,Libya
3670,606,3,利比亚,Libya Telecom and Technology (LTT),1,Libya
3671,606,6,利比亚,Hatef Libya,1,Libya
3672,295,1,列支敦士登,Swisscom Schweiz AG,1,Liechtenstein
3673,295,2,列支敦士登,Orange Liechtenstein AG,1,Liechtenstein
3674,295,5,列支敦士登,Mobilkom Liechtenstein AG,1,Liechtenstein
3675,295,77,列支敦士登,Alpcom AG,1,Liechtenstein
3676,295,4,列支敦士登,Cubic Telecom AG,1,Liechtenstein
3677,246,2,立陶宛,UAB Bité Lietuva,1,Lithuania
3678,246,5,立陶宛,Lithuanian Railways,1,Lithuania
3679,246,6,立陶宛,UAB Mediafon,1,Lithuania
3680,270,1,卢森堡,P&T Luxembourg,1,Luxembourg
3681,270,77,卢森堡,Tango SA,1,Luxembourg
3682,270,99,卢森堡,Orange S.A.,1,Luxembourg
3683,455,0,澳门,SmarTone Macao,1,Macao
3684,455,1,澳门,C.T.M. Telemovel+,1,Macao
3685,455,2,澳门,China Telecom,1,Macao
3686,455,3,澳门,Hutchison Telecom,1,Macao
3687,455,4,澳门,C.T.M. Telemovel+,1,Macao
3688,455,5,澳门,Hutchison Telecom,1,Macao
3689,294,1,卢森堡,T-Mobile Macedonia,1,Luxembourg
3690,294,2,卢森堡,One,1,Luxembourg
3691,294,3,卢森堡,VIP Operator,1,Luxembourg
3692,646,1,马达加斯加,Bharti Airtel,1,Madagascar
3693,646,2,马达加斯加,Orange Madagascar S.A.,1,Madagascar
3694,646,3,马达加斯加,Sacel Madagascar S.A.,1,Madagascar
3695,646,4,马达加斯加,Telma Mobile S.A.,1,Madagascar
3696,650,1,马拉维,Telecom Network Malawi,1,Malawi
3697,650,10,马拉维,Bharti Airtel Limited,1,Malawi
3698,502,1,马来西亚,Telekom Malaysia Bhd,1,Malaysia
3699,502,10,马来西亚,DiGi Telecommunications,1,Malaysia
3700,502,11,马来西亚,Telekom Malaysia Bhd [78],1,Malaysia
3701,502,12,马来西亚,Maxis Mobile Services SDN Berhad,1,Malaysia
3702,502,14,马来西亚,Telekom Malaysia Berhad for PSTN SMS,1,Malaysia
3703,502,16,马来西亚,DiGi Telecommunications,1,Malaysia
3704,502,17,马来西亚,Maxis Prepaid,1,Malaysia
3705,502,18,马来西亚,U Mobile Sdn Bhd,1,Malaysia
3706,502,18,马来西亚,Telekom Malaysia Bhd,1,Malaysia
3707,502,19,马来西亚,Celcom Axiata Berhad,1,Malaysia
3708,502,20,马来西亚,Electcoms Wireless Sdn Bhd,1,Malaysia
3709,502,150,马来西亚,Tune Talk Sdn Bhd,1,Malaysia
3710,502,151,马来西亚,Baraka Telecom Sdn Bhd (MVNE),1,Malaysia
3711,502,152,马来西亚,YTL Communications Sdn Bhd,1,Malaysia
3712,472,1,马尔代夫,Dhivehi Raajjeyge Gulhun,1,Maldives
3713,472,2,马尔代夫,Wataniya Telecom Maldives,1,Maldives
3714,610,1,马里共和国,Malitel SA,1,Republic of Mali
3715,610,2,马里共和国,Orange Mali SA,1,Republic of Mali
3716,278,1,马耳他,Vodafone Malta,1,Malta
3717,278,21,马耳他,Mobisle Communications Limited,1,Malta
3718,278,77,马耳他,Melita Plc,1,Malta
3719,609,1,毛里塔尼亚,Mattel,1,Mauritania
3720,609,2,毛里塔尼亚,Chinguitel,1,Mauritania
3721,609,10,毛里塔尼亚,Mauritel Mobiles,1,Mauritania
3722,617,1,毛里求斯,Cellplus Mobile Communications Ltd.,1,Mauritius
3723,617,2,毛里求斯,Mahanagar Telephone (Mauritius) Ltd.,1,Mauritius
3724,617,10,毛里求斯,Emtel Ltd,1,Mauritius
3725,334,10,墨西哥,Nextel México,1,Mexico
3726,334,20,墨西哥,América Móvil / Mextel,1,Mexico
3727,334,30,墨西哥,Pegaso Comunicaciones y Sistemas,1,Mexico
3728,334,40,墨西哥,Iusacell / Unefon,1,Mexico
3729,334,50,墨西哥,Iusacell,1,Mexico
3730,550,1,密克罗尼西亚联邦,FSM EMMANUEL,1,Federated States of Micronesia
3731,259,1,摩尔多瓦,Orange Moldova,1,Moldova
3732,259,2,摩尔多瓦,,1,Moldova
3733,259,3,摩尔多瓦,Interdnestrcom,1,Moldova
3734,259,3,摩尔多瓦,Moldtelecom,1,Moldova
3735,259,4,摩尔多瓦,Eventis Telecom,1,Moldova
3736,259,5,摩尔多瓦,Moldtelecom,1,Moldova
3737,259,99,摩尔多瓦,Moldtelecom,1,Moldova
3738,212,1,摩纳哥,Monaco Telecom,1,Monaco
3739,428,99,蒙古国,Mobicom Corporation,1,Mongolia
3740,428,88,蒙古国,Unitel LLC,1,Mongolia
3741,428,91,蒙古国,Skytel LLC,1,Mongolia
3742,428,98,蒙古国,G-Mobile LLC,1,Mongolia
3743,297,1,黑山共和国,Telenor Montenegro,1,Montenegro
3744,297,2,黑山共和国,T-Mobile Montenegro LLC,1,Montenegro
3745,297,3,黑山共和国,MTEL CG,1,Montenegro
3746,297,4,黑山共和国,T-Mobile Montenegro,1,Montenegro
3747,604,0,摩洛哥,Medi Telecom,1,Morocco
3748,604,1,摩洛哥,Ittissalat Al Maghrib (Maroc Telecom),1,Morocco
3749,604,5,摩洛哥,WANA - Groupe ONA,1,Morocco
3750,643,1,莫桑比克,Mocambique Celular S.A.,1,Mozambique
3751,643,4,莫桑比克,"Vodacom Mozambique, S.A.",1,Mozambique
3752,414,1,缅甸,Myanmar Post and Telecommunication,1,Myanmar
3753,649,1,纳米比亚,MTC Namibia,1,Namibia
3754,649,2,纳米比亚,Telecom Namibia,1,Namibia
3755,649,3,纳米比亚,Orascom Telecom Holding,1,Namibia
3756,536,2,瑙鲁,Digicel (Nauru) Corporation,1,Nauru
3757,429,1,尼泊尔,Nepal Telecom,1,Nepal
3758,429,2,尼泊尔,Ncell Pvt. Ltd. Spice Nepal,1,Nepal
3759,429,4,尼泊尔,Smart Telecom Pvt. Ltd.,1,Nepal
3760,429,3,尼泊尔,Nepal Telecom,1,Nepal
3761,204,1,荷兰,VastMobiel B.V.,1,Netherlands
3762,204,2,荷兰,Tele2 Nederland B.V.,1,Netherlands
3763,204,3,荷兰,Voiceworks B.V.,1,Netherlands
3764,204,4,荷兰,hollandsnieuwe,1,Netherlands
3765,204,5,荷兰,Elephant Talk Communications Premium Rate Services,1,Netherlands
3766,204,6,荷兰,Mundio Mobile (Netherlands) Ltd,1,Netherlands
3767,204,7,荷兰,Teleena (MVNE),1,Netherlands
3768,204,8,荷兰,KPN Mobile The Netherlands B.V.,1,Netherlands
3769,204,9,荷兰,Lycamobile Netherlands Limited,1,Netherlands
3770,204,10,荷兰,KPN B.V.,1,Netherlands
3771,204,12,荷兰,KPN Mobile The Netherlands B.V.,1,Netherlands
3772,204,13,荷兰,Unica Installatietechniek B.V.,1,Netherlands
3773,204,14,荷兰,6GMOBILE B.V.,1,Netherlands
3774,204,15,荷兰,Ziggo B.V.,1,Netherlands
3775,204,16,荷兰,T-Mobile Netherlands B.V,1,Netherlands
3776,204,17,荷兰,Intercity Mobile Communications B.V.,1,Netherlands
3777,204,18,荷兰,UPC Nederland B.V.,1,Netherlands
3778,204,19,荷兰,Mixe Communication Solutions B.V.,1,Netherlands
3779,204,20,荷兰,T-Mobile Netherlands B.V,1,Netherlands
3780,204,21,荷兰,ProRail B.V.,1,Netherlands
3781,204,22,荷兰,Ministerie van Defensie,1,Netherlands
3782,204,23,荷兰,ASPIDER Solutions Nederland B.V.,1,Netherlands
3783,204,24,荷兰,Private Mobility Nederland B.V.,1,Netherlands
3784,204,25,荷兰,CapX B.V.,1,Netherlands
3785,204,26,荷兰,SpeakUp B.V.,1,Netherlands
3786,204,27,荷兰,Breezz Nederland B.V.,1,Netherlands
3787,204,67,荷兰,RadioAccess B.V.,1,Netherlands
3788,204,68,荷兰,Unify Group Holding B.V.,1,Netherlands
3789,204,69,荷兰,KPN Mobile The Netherlands B.V.,1,Netherlands
3790,362,51,库拉索(荷兰王国),Telcell N.V.,1,Curacao (Kingdom of the Netherlands)
3791,362,69,库拉索(荷兰王国),Curaao Telecom N.V.,1,Curacao (Kingdom of the Netherlands)
3792,362,91,库拉索(荷兰王国),Setel N.V.,1,Curacao (Kingdom of the Netherlands)
3793,362,95,库拉索(荷兰王国),E.O.C.G. Wireless,1,Curacao (Kingdom of the Netherlands)
3794,362,94,库拉索(荷兰王国),Bòbò Frus N.V.,1,Curacao (Kingdom of the Netherlands)
3795,546,1,新喀里多尼亚(法国),OPT New Caledonia,1,New Caledonia (France)
3796,530,0,新西兰,Telecom New Zealand,1,New Zealand
3797,530,1,新西兰,Vodafone New Zealand,1,New Zealand
3798,530,2,新西兰,Telecom New Zealand,1,New Zealand
3799,530,3,新西兰,Woosh Wireless New Zealand,1,New Zealand
3800,530,4,新西兰,TelstraClear New Zealand,1,New Zealand
3801,530,5,新西兰,Telecom New Zealand,1,New Zealand
3802,530,24,新西兰,2degrees,1,New Zealand
3803,710,21,尼加拉瓜,"Empresa Nicaragüense de Telecomunicaciones, S.A.",1,Nicaragua
3804,710,30,尼加拉瓜,"Telefonía Celular de Nicaragua, S.A.",1,Nicaragua
3805,710,73,尼加拉瓜,Servicios de Comunicaciones S.A.,1,Nicaragua
3806,614,2,尼日,Bharti Airtel Limited,1,Niger
3807,614,3,尼日,Telecel Niger SA,1,Niger
3808,614,4,尼日,Orange Niger,1,Niger
3809,621,20,尼日利亚,Bharti Airtel Limited,1,Nigeria
3810,621,30,尼日利亚,MTN Nigeria Communications Limited,1,Nigeria
3811,621,40,尼日利亚,Nigerian Mobile Telecommunications Limited,1,Nigeria
3812,621,50,尼日利亚,Globacom Ltd,1,Nigeria
3813,621,60,尼日利亚,Emerging Markets Telecommunication Services Ltd,1,Nigeria
3814,621,25,尼日利亚,Visafone Communications Ltd.,1,Nigeria
3815,555,1,纽埃,Telecom Niue,1,Niue
3816,505,10,澳洲,Norfolk Telecom,1,Australia
3817,242,2,挪威,NetCom GSM,1,Norway
3818,242,3,挪威,Teletopia,1,Norway
3819,242,4,挪威,Mobile Norway AS,1,Norway
3820,242,5,挪威,Mobile Norway AS,1,Norway
3821,242,6,挪威,Nordisk Mobiltelefon,1,Norway
3822,242,7,挪威,Ventelo AS,1,Norway
3823,242,8,挪威,TDC Mobil AS,1,Norway
3824,242,9,挪威,Com4 AS [106],1,Norway
3825,242,11,挪威,SystemNet AS [107],1,Norway
3826,242,20,挪威,Jernbaneverket AS,1,Norway
3827,242,23,挪威,Lyca Mobile Ltd,1,Norway
3828,422,2,阿曼,Oman Telecommunications Company,1,Oman
3829,422,3,阿曼,Omani Qatari Telecommunications Company SAOC,1,Oman
3830,410,1,巴基斯坦,Mobilink-PMCL,1,Pakistan
3831,410,3,巴基斯坦,Pakistan Telecommunication Mobile Ltd,1,Pakistan
3832,410,4,巴基斯坦,China Mobile,1,Pakistan
3833,410,6,巴基斯坦,Telenor Pakistan,1,Pakistan
3834,410,7,巴基斯坦,WaridTel,1,Pakistan
3835,552,1,帕劳,Palau National Communications Corp.,1,Palau
3836,552,80,帕劳,Palau Mobile Corporation,1,Palau
3837,425,5,以色列&巴勒斯坦,"Palestine Cellular Communications, Ltd.",1,Israel & Palestine
3838,425,6,以色列&巴勒斯坦,Wataniya Palestine Mobile Telecommunications Compa,1,Israel & Palestine
3839,714,1,巴拿马,Cable & Wireless Panama S.A.,1,Panama
3840,714,2,巴拿马,"Telefonica Moviles Panama S.A, Bell South Corp. (B",1,Panama
3841,714,4,巴拿马,Digicel Group,1,Panama
3842,714,3,巴拿马,América Móvil,1,Panama
3843,537,1,巴布亚新几内亚,Pacific Mobile Communications,1,Papua New Guinea
3844,537,3,巴布亚新几内亚,Digicel PNG,1,Papua New Guinea
3845,744,1,巴拉圭,Hola Paraguay S.A,1,Paraguay
3846,744,2,巴拉圭,AMX Paraguay S.A.,1,Paraguay
3847,744,4,巴拉圭,Telefonica Celular Del Paraguay S.A. (Telecel),1,Paraguay
3848,744,5,巴拉圭,Núcleo S.A,1,Paraguay
3849,744,6,巴拉圭,Copaco S.A.,1,Paraguay
3850,716,6,秘鲁,Telefónica Móviles Perú,1,Peru
3851,716,7,秘鲁,NII Holdings,1,Peru
3852,716,10,秘鲁,América Móvil Perú,1,Peru
3853,515,1,菲律宾,Globe Telecom via Innove Communications,1,Philippines
3854,515,2,菲律宾,Globe Telecom,1,Philippines
3855,515,3,菲律宾,PLDT via Smart Communications,1,Philippines
3856,515,5,菲律宾,Digital Telecommunications Philippines,1,Philippines
3857,515,11,菲律宾,PLDT via ACeS Philippines,1,Philippines
3858,515,18,菲律宾,PLDT via Smart's Connectivity Unlimited Resources,1,Philippines
3859,515,88,菲律宾,Nextel,1,Philippines
3860,260,1,波兰,Polkomtel S.A.,1,Poland
3861,260,2,波兰,Polska Telefonia Cyfrowa Sp. z o.o.,1,Poland
3862,260,3,波兰,Polska Telefonia Komórkowa Centertel Sp. z o.o.,1,Poland
3863,260,4,波兰,not in use,1,Poland
3864,260,5,波兰,Polska Telefonia Komórkowa Centertel Sp. z o.o.,1,Poland
3865,260,6,波兰,P4 Sp. z o.o.,1,Poland
3866,260,7,波兰,Netia S.A.,1,Poland
3867,260,8,波兰,E-Telko Sp. z o.o.,1,Poland
3868,260,9,波兰,Telekomunikacja Kolejowa Sp. z o.o.,1,Poland
3869,260,10,波兰,Sferia S.A.,1,Poland
3870,260,11,波兰,Nordisk Polska Sp. z o.o.,1,Poland
3871,260,12,波兰,Cyfrowy Polsat S.A.,1,Poland
3872,260,15,波兰,CenterNet S.A.,1,Poland
3873,260,16,波兰,Mobyland Sp. z o.o.,1,Poland
3874,260,17,波兰,Aero 2 Sp. z o.o.,1,Poland
3875,268,1,葡萄牙,Vodafone Portugal,1,Portugal
3876,268,3,葡萄牙,"Sonaecom – Servios de Comunicaes, S.A.",1,Portugal
3877,268,6,葡萄牙,Telecomunicaes Móveis Nacionais,1,Portugal
3878,268,21,葡萄牙,Zapp Portugal,1,Portugal
3879,330,110,波多黎各(美国),Puerto Rico Telephone Company,1,Puerto Rico(USA)
3880,330,0,波多黎各(美国),PR Wireless,1,Puerto Rico(USA)
3881,427,1,卡达,Qtel,1,Qatar
3882,427,2,卡达,Vodafone Qatar,1,Qatar
3883,427,5,卡达,Ministry of Interior,1,Qatar
3884,647,0,留尼汪(法国),Orange La Réunion,1,Reunion (France)
3885,647,2,留尼汪(法国),Outremer Telecom,1,Reunion (France)
3886,647,10,留尼汪(法国),Societe Reunionnaise de Radiotelephone,1,Reunion (France)
3887,226,1,罗马尼亚,Vodafone Romania,1,Romania
3888,226,2,罗马尼亚,Romtelecom,1,Romania
3889,226,3,罗马尼亚,Cosmote Romania,1,Romania
3890,226,4,罗马尼亚,Cosmote Romania,1,Romania
3891,226,5,罗马尼亚,RCS&RDS,1,Romania
3892,226,6,罗马尼亚,Cosmote Romania,1,Romania
3893,226,10,罗马尼亚,Orange Romania,1,Romania
3894,226,11,罗马尼亚,Enigma-System,1,Romania
3895,250,1,俄罗斯,Mobile TeleSystems,1,Russia
3896,250,2,俄罗斯,MegaFon OJSC - previously known as North-West GSM,1,Russia
3897,250,3,俄罗斯,Nizhegorodskaya Cellular Communications,1,Russia
3898,250,4,俄罗斯,Sibchallenge,1,Russia
3899,250,5,俄罗斯,Yeniseytelecom,1,Russia
3900,250,6,俄罗斯,CJSC Saratov System of Cellular Communications,1,Russia
3901,250,7,俄罗斯,Zao SMARTS,1,Russia
3902,250,9,俄罗斯,Khabarovsky Cellular Phone,1,Russia
3903,250,10,俄罗斯,Dontelekom,1,Russia
3904,250,11,俄罗斯,Scartel,1,Russia
3905,250,12,俄罗斯,Baykal Westcom / New Telephone Company / Far Easte,1,Russia
3906,250,13,俄罗斯,Kuban GSM,1,Russia
3907,250,15,俄罗斯,"SMARTS Ufa, SMARTS Uljanovsk",1,Russia
3908,250,16,俄罗斯,New Telephone Company,1,Russia
3909,250,17,俄罗斯,JSC Uralsvyazinform,1,Russia
3910,250,19,俄罗斯,INDIGO,1,Russia
3911,250,20,俄罗斯,Tele2,1,Russia
3912,250,23,俄罗斯,Mobicom - Novosibirsk,1,Russia
3913,250,28,俄罗斯,Beeline,1,Russia
3914,250,35,俄罗斯,MOTIV,1,Russia
3915,250,38,俄罗斯,Central Telecommunication Company,1,Russia
3916,250,39,俄罗斯,Uralsvyazinform,1,Russia
3917,250,44,俄罗斯,Stavtelesot / North Caucasian GSM,1,Russia
3918,250,92,俄罗斯,Primtelefon,1,Russia
3919,250,93,俄罗斯,Telecom XXI,1,Russia
3920,250,99,俄罗斯,OJSC Vimpel-Communications,1,Russia
3921,635,10,卢旺达,MTN Rwandacell SARL,1,Rwanda
3922,635,12,卢旺达,Rwandatel S.A.,1,Rwanda
3923,635,13,卢旺达,TIGO RWANDA S.A,1,Rwanda
3924,356,110,圣克里斯多福与尼维斯,LIME,1,St. Kitts and Nevis
3925,356,70,圣克里斯多福与尼维斯,UTS,1,St. Kitts and Nevis
3926,358,110,圣卢西亚,Cable & Wireless,1,Lucia
3927,308,1,圣皮耶与密克隆群岛(法国),St. Pierre-et-Miquelon Télécom,1,Saint Pierre and Miquelon (France)
3928,360,110,圣文森及格林纳丁,Cable & Wireless,1,St. Vincent and the Grenadines
3929,549,1,萨摩亚,Digicel Pacific Ltd.,1,Samoa
3930,549,27,萨摩亚,SamoaTel Ltd,1,Samoa
3931,292,1,圣马力诺,San Marino Telecom,1,San Marino
3932,626,1,圣多美普林西比,Companhia Santomese de Telecomunicae,1,Sao Tome and Principe
3933,420,1,沙特阿拉伯,Saudi Telecom Company,1,Saudi Arabia
3934,420,3,沙特阿拉伯,Etihad Etisalat Company,1,Saudi Arabia
3935,420,4,沙特阿拉伯,Zain Saudi Arabia,1,Saudi Arabia
3936,608,1,塞内加尔,Sonatel,1,Senegal
3937,608,2,塞内加尔,Millicom International Cellular S.A.,1,Senegal
3938,608,3,塞内加尔,Sudatel,1,Senegal
3939,220,1,塞尔维亚共和国,Telenor Serbia,1,Republic of Serbia
3940,220,2,塞尔维亚共和国,Telenor Montenegro,1,Republic of Serbia
3941,220,3,塞尔维亚共和国,Telekom Srbija,1,Republic of Serbia
3942,220,5,塞尔维亚共和国,VIP Mobile,1,Republic of Serbia
3943,633,1,塞舌尔,Cable & Wireless Seychelles,1,Seychelles
3944,633,2,塞舌尔,Mediatech International,1,Seychelles
3945,633,10,塞舌尔,Telecom Seychelles Ltd,1,Seychelles
3946,619,1,狮子山共和国,Bharti Airtel Limited,1,Sierra Leone
3947,619,2,狮子山共和国,Millicom (SL) Limited,1,Sierra Leone
3948,619,3,狮子山共和国,Lintel Sierra Leone Limited,1,Sierra Leone
3949,619,4,狮子山共和国,Comium Sierra leone INC,1,Sierra Leone
3950,619,5,狮子山共和国,Lintel Sierra Leone Limited,1,Sierra Leone
3951,619,25,狮子山共和国,Mobitel,1,Sierra Leone
3952,525,1,新加坡,Singapore Telecom,1,Singapore
3953,525,2,新加坡,Singapore Telecom,1,Singapore
3954,525,3,新加坡,MobileOne Asia,1,Singapore
3955,525,5,新加坡,StarHub Mobile,1,Singapore
3956,525,12,新加坡,Digital Trunked Radio Network,1,Singapore
3957,231,1,斯洛伐克,Orange Slovensko,1,Slovakia
3958,231,2,斯洛伐克,T-Mobile Slovensko,1,Slovakia
3959,231,3,斯洛伐克,Unient Communications,1,Slovakia
3960,231,4,斯洛伐克,T-Mobile Slovensko,1,Slovakia
3961,231,6,斯洛伐克,Telefónica O2 Slovakia,1,Slovakia
3962,231,99,斯洛伐克,eleznice Slovenskej Republiky,1,Slovakia
3963,293,40,斯洛文尼亚,SI.MOBIL d.d.,1,Slovenia
3964,293,41,斯洛文尼亚,Mobitel D.D.,1,Slovenia
3965,293,64,斯洛文尼亚,T-2 d.o.o.,1,Slovenia
3966,293,70,斯洛文尼亚,Tumobil d.o.o.,1,Slovenia
3967,540,1,所罗门群岛,Solomon Telekom Co Ltd,1,Solomon Islands
3968,637,60,索马里,Nationlink Telecom,1,Somalia
3969,637,1,索马里,Telesom,1,Somalia
3970,637,4,索马里,Somafone FZLLC,1,Somalia
3971,637,10,索马里,NationLink Telecom,1,Somalia
3972,637,25,索马里,Hormuud Telecom Somalia Inc,1,Somalia
3973,637,30,索马里,Golis Telecom Somalia,1,Somalia
3974,637,82,索马里,Telcom Somalia,1,Somalia
3975,655,1,南非,Vodacom,1,South Africa
3976,655,2,南非,Telkom,1,South Africa
3977,655,7,南非,Cell C,1,South Africa
3978,655,10,南非,MTN Group,1,South Africa
3979,655,11,南非,South African Police Service Gauteng,1,South Africa
3980,655,13,南非,,1,South Africa
3981,655,21,南非,Cape Town Metropolitan Council,1,South Africa
3982,655,30,南非,Bokamoso Consortium,1,South Africa
3983,655,31,南非,Karabo Telecoms (Pty) Ltd.,1,South Africa
3984,655,32,南非,Ilizwi Telecommunications,1,South Africa
3985,655,33,南非,Thinta Thinta Telecommunications,1,South Africa
3986,250,30,俄罗斯,Ostelecom,1,Russia
3987,214,1,西班牙,Vodafone Spain,1,Spain
3988,214,3,西班牙,France Telecom Espaa SA,1,Spain
3989,214,4,西班牙,Xfera Moviles SA,1,Spain
3990,214,5,西班牙,Telefónica Móviles Espaa,1,Spain
3991,214,6,西班牙,Vodafone Spain,1,Spain
3992,214,7,西班牙,Telefónica Móviles Espaa,1,Spain
3993,214,9,西班牙,France Telecom Espaa SA,1,Spain
3994,214,15,西班牙,BT Group Espaa Compaia de Servicios Globales de,1,Spain
3995,214,16,西班牙,Telecable de Asturias S.A.U.,1,Spain
3996,214,17,西班牙,R Cable y Telecomunicaciones Galicia S.A.,1,Spain
3997,214,18,西班牙,Cableuropa S.A.U.,1,Spain
3998,214,19,西班牙,E-PLUS Moviles Virtuales Espaa S.L.U.,1,Spain
3999,214,20,西班牙,Fonyou Telecom S.L.,1,Spain
4000,214,21,西班牙,Jazz Telecom S.A.U.,1,Spain
4001,214,22,西班牙,Best Spain Telecom,1,Spain
4002,214,23,西班牙,Barablu Móvil Espaa,1,Spain
4003,214,24,西班牙,Eroski Móvil Espaa,1,Spain
4004,214,25,西班牙,LycaMobile S.L.,1,Spain
4005,413,1,斯里兰卡,Sri Lanka Telecom Mobitel,1,Sri Lanka
4006,413,2,斯里兰卡,Dialog Axiata,1,Sri Lanka
4007,413,3,斯里兰卡,Emirates Telecommunication Corporation,1,Sri Lanka
4008,413,5,斯里兰卡,Bharti Airtel,1,Sri Lanka
4009,413,8,斯里兰卡,Hutchison Telecommunications Lanka,1,Sri Lanka
4010,634,1,苏丹,Zain Group - Sudan,1,Sudan
4011,634,2,苏丹,MTN Sudan,1,Sudan
4012,634,5,苏丹,Wawat Securities,1,Sudan
4013,634,7,苏丹,Sudatel Group,1,Sudan
4014,634,0,苏丹,Canar Telecom,1,Sudan
4015,746,2,苏里南,Telecommunications Company Suriname (Telesur),1,Surinam
4016,746,3,苏里南,Digicel Group Limited,1,Surinam
4017,746,4,苏里南,Intelsur N.V. / UTS N.V.,1,Surinam
4018,653,10,斯威士兰,Swazi MTN,1,Swaziland
4019,240,1,瑞典,SwedenTeliaSonera,1,Sweden
4020,240,2,瑞典,Hutchison 3G,1,Sweden
4021,240,3,瑞典,Nordisk Mobiltelefon,1,Sweden
4022,240,4,瑞典,3G Infrastructure Services,1,Sweden
4023,240,5,瑞典,Svenska UMTS-Nt,1,Sweden
4024,240,6,瑞典,Telenor Sweden,1,Sweden
4025,240,7,瑞典,Tele2 Sweden,1,Sweden
4026,240,8,瑞典,Telenor Sweden,1,Sweden
4027,240,9,瑞典,Telenor Sweden,1,Sweden
4028,240,10,瑞典,Tele2,1,Sweden
4029,240,11,瑞典,Lindholmen Science Park,1,Sweden
4030,240,12,瑞典,Barablu Mobile Scandinavia,1,Sweden
4031,240,13,瑞典,Ventelo Sverige,1,Sweden
4032,240,14,瑞典,TDC Mobil,1,Sweden
4033,240,15,瑞典,Wireless Maingate Nordic,1,Sweden
4034,240,16,瑞典,42IT,1,Sweden
4035,240,17,瑞典,Gtalandsntet,1,Sweden
4036,240,20,瑞典,Wireless Maingate Message Services,1,Sweden
4037,240,21,瑞典,Trafikverket (formerly Banverket),1,Sweden
4038,240,24,瑞典,Net4Mobility,1,Sweden
4039,240,25,瑞典,DigiTelMobile,1,Sweden
4040,240,26,瑞典,Beepsend,1,Sweden
4041,240,33,瑞典,Mobile Arts AB,1,Sweden
4042,228,1,瑞士,Swisscom Ltd,1,Switzerland
4043,228,2,瑞士,Sunrise Communications AG,1,Switzerland
4044,228,3,瑞士,Orange Communications SA,1,Switzerland
4045,228,5,瑞士,Togewanet AG (Comfone),1,Switzerland
4046,228,6,瑞士,SBB AG,1,Switzerland
4047,228,7,瑞士,IN&Phone SA,1,Switzerland
4048,228,8,瑞士,Tele2 Telecommunications AG,1,Switzerland
4049,228,50,瑞士,3G Mobile AG,1,Switzerland
4050,228,51,瑞士,BebbiCell AG,1,Switzerland
4051,417,1,叙利亚,Syriatel Mobile Telecom,1,Syria
4052,417,2,叙利亚,MTN Syria,1,Syria
4053,466,1,台湾,Far EasTone Telecommunications Co Ltd,1,Taiwan
4054,466,5,台湾,Asia Pacific Telecom,1,Taiwan
4055,466,6,台湾,Tuntex Telecom,1,Taiwan
4056,466,11,台湾,LDTA/Chungwa Telecom,1,Taiwan
4057,466,88,台湾,KG Telecom,1,Taiwan
4058,466,89,台湾,VIBO Telecom,1,Taiwan
4059,466,92,台湾,Chunghwa,1,Taiwan
4060,466,93,台湾,Mobitai Communications,1,Taiwan
4061,466,97,台湾,Taiwan Mobile Co. Ltd,1,Taiwan
4062,466,99,台湾,TransAsia Telecoms,1,Taiwan
4063,436,1,塔吉克,JV Somoncom,1,Tajik
4064,436,2,塔吉克,Indigo Tajikistan,1,Tajik
4065,436,3,塔吉克,TT Mobile,1,Tajik
4066,436,4,塔吉克,Babilon-Mobile,1,Tajik
4067,436,5,塔吉克,Vimpelcom,1,Tajik
4068,436,12,塔吉克,Indigo,1,Tajik
4069,640,2,坦桑尼亚,MIC Tanzania Limited,1,Tanzania
4070,640,3,坦桑尼亚,Zanzibar Telecom Ltd,1,Tanzania
4071,640,4,坦桑尼亚,Vodacom Tanzania Limited,1,Tanzania
4072,640,5,坦桑尼亚,Bharti Airtel,1,Tanzania
4073,640,6,坦桑尼亚,Dovetel Limited,1,Tanzania
4074,640,7,坦桑尼亚,Tanzania Telecommunication Company LTD (TTCL),1,Tanzania
4075,640,8,坦桑尼亚,Benson Informatics Limited,1,Tanzania
4076,640,9,坦桑尼亚,ExcellentCom Tanzania Limited,1,Tanzania
4077,640,11,坦桑尼亚,Smile Telecoms Holdings Ltd.,1,Tanzania
4078,520,0,泰国,CAT Telecom,1,Thailand
4079,520,1,泰国,Advanced Info Service,1,Thailand
4080,520,2,泰国,CAT Telecom,1,Thailand
4081,520,10,泰国,WCS IQ,1,Thailand
4082,520,15,泰国,Telephone Organization of Thailand (TOT),1,Thailand
4083,520,18,泰国,Total Access Communication,1,Thailand
4084,520,23,泰国,Digital Phone (AIS),1,Thailand
4085,520,88,泰国,True Corporation,1,Thailand
4086,520,99,泰国,True Corporation,1,Thailand
4087,615,1,多哥,Togo Telecom,1,Togo
4088,615,3,多哥,Moov Togo,1,Togo
4089,539,1,东加,Tonga Communications Corporation,1,Tonga
4090,539,43,东加,Shoreline Communication,1,Tonga
4091,374,12,特立尼达和多巴哥,TSTT,1,Trinidad and Tobago
4092,374,130,特立尼达和多巴哥,Digicel (Trinidad & Tobago) Limited,1,Trinidad and Tobago
4093,605,1,突尼斯,Orange Tunisie,1,Tunisia
4094,605,2,突尼斯,Tunisie Telecom,1,Tunisia
4095,605,3,突尼斯,Orascom Telecom Tunisie,1,Tunisia
4096,286,1,土耳其,Turkcell Iletisim Hizmetleri A.S.,1,Turkey
4097,286,2,土耳其,Vodafone Turkey,1,Turkey
4098,286,4,土耳其,Aycell,1,Turkey
4099,438,1,土库曼,Barash Communication Technologies,1,Turkmenistan
4100,438,2,土库曼,Altyn Asyr,1,Turkmenistan
4101,376,350,土克凯可群岛(英国),Cable & Wireless West Indies Ltd (Turks & Caicos),1,Ke Kai soil can Islands (United Kingdom)
4102,376,352,土克凯可群岛(英国),Islandcom Telecommunications,1,Ke Kai soil can Islands (United Kingdom)
4103,338,5,牙买加,Digicel (Turks & Caicos) Limited,1,Jamaica
4104,641,1,乌干达,Bharti Airtel,1,Uganda
4105,641,10,乌干达,MTN Uganda,1,Uganda
4106,641,11,乌干达,Uganda Telecom Ltd.,1,Uganda
4107,641,14,乌干达,Orange Uganda,1,Uganda
4108,641,22,乌干达,Warid Telecom,1,Uganda
4109,255,1,乌克兰,Ukrainian Mobile Communications,1,Ukraine
4110,255,2,乌克兰,Ukrainian Radio Systems,1,Ukraine
4111,255,3,乌克兰,Kyivstar GSM JSC,1,Ukraine
4112,255,4,乌克兰,Intertelecom,1,Ukraine
4113,255,5,乌克兰,Golden Telecom,1,Ukraine
4114,255,6,乌克兰,Astelit,1,Ukraine
4115,255,7,乌克兰,Ukrtelecom,1,Ukraine
4116,255,21,乌克兰,Telesystems of Ukraine,1,Ukraine
4117,255,23,乌克兰,ITC,1,Ukraine
4118,424,2,阿拉伯联合酋长国,E mirates Telecom Corp,1,United Arab Emirates
4119,424,3,阿拉伯联合酋长国,Emirates Integrated Telecommunications Company,1,United Arab Emirates
4120,234,0,英国,BT Group,1,United Kingdom
4121,234,1,英国,Mundio Mobile Limited,1,United Kingdom
4122,234,2,英国,Telefónica O2 UK Limited,1,United Kingdom
4123,234,3,英国,Jersey Airtel Limited,1,United Kingdom
4124,234,4,英国,FMS Solutions Ltd,1,United Kingdom
4125,234,5,英国,COLT Mobile Telecommunications Limited,1,United Kingdom
4126,234,6,英国,Internet Computer Bureau Limited,1,United Kingdom
4127,234,7,英国,Cable & Wireless UK,1,United Kingdom
4128,234,8,英国,OnePhone (UK) Ltd,1,United Kingdom
4129,234,9,英国,Tismi BV,1,United Kingdom
4130,234,10,英国,Telefónica O2 UK Limited,1,United Kingdom
4131,234,11,英国,Telefónica Europe,1,United Kingdom
4132,234,12,英国,Network Rail Infrastructure Ltd,1,United Kingdom
4133,234,13,英国,Network Rail Infrastructure Ltd,1,United Kingdom
4134,234,14,英国,Hay Systems Ltd,1,United Kingdom
4135,234,15,英国,Vodafone United Kingdom,1,United Kingdom
4136,234,16,英国,TalkTalk Communications Limited,1,United Kingdom
4137,234,17,英国,FleXtel Limited,1,United Kingdom
4138,234,18,英国,Cloud9,1,United Kingdom
4139,234,19,英国,Teleware plc,1,United Kingdom
4140,234,20,英国,Hutchison 3G UK Ltd,1,United Kingdom
4141,234,22,英国,Routo Telecommunications Limited,1,United Kingdom
4142,234,24,英国,Stour Marine,1,United Kingdom
4143,234,25,英国,Software Cellular Network Ltd,1,United Kingdom
4144,234,30,英国,Everything Everywhere Limited (TM),1,United Kingdom
4145,234,31,英国,Virgin Mobile,1,United Kingdom
4146,234,32,英国,Virgin Mobile,1,United Kingdom
4147,234,33,英国,Everything Everywhere Limited (TM),1,United Kingdom
4148,234,34,英国,Everything Everywhere Limited (TM),1,United Kingdom
4149,234,35,英国,JSC Ingenium (UK) Limited,1,United Kingdom
4150,234,36,英国,Cable and Wireless Isle of Man Limited,1,United Kingdom
4151,234,37,英国,Synectiv Ltd,1,United Kingdom
4152,234,50,英国,Jersey Telecom,1,United Kingdom
4153,234,55,英国,Cable & Wireless Guernsey / Sure Mobile (Jersey),1,United Kingdom
4154,234,58,英国,Manx Telecom,1,United Kingdom
4155,234,76,英国,BT Group,1,United Kingdom
4156,234,78,英国,Airwave (communications network)[citation needed],1,United Kingdom
4157,235,0,英国,Mundio Mobile Limited,1,United Kingdom
4158,235,1,英国,Everything Everywhere Limited (TM),1,United Kingdom
4159,235,2,英国,Everything Everywhere Limited (TM),1,United Kingdom
4160,235,77,英国,BT Group,1,United Kingdom
4161,235,91,英国,Vodafone United Kingdom,1,United Kingdom
4162,235,92,英国,Cable & Wireless UK,1,United Kingdom
4163,235,94,英国,Hutchison 3G UK Ltd,1,United Kingdom
4164,235,95,英国,Network Rail Infrastructure Limited,1,United Kingdom
4165,310,53,美国,Virgin Mobile US,1,USA
4166,310,54,美国,Alltel US,1,USA
4167,310,66,美国,U.S. Cellular,1,USA
4168,310,4,美国,Verizon Wireless,1,USA
4169,310,5,美国,Verizon Wireless,1,USA
4170,310,10,美国,MCI,1,USA
4171,310,12,美国,Verizon Wireless,1,USA
4172,310,14,美国,Testing,1,USA
4173,310,16,美国,Cricket Communications,1,USA
4174,310,17,美国,North Sight Communications Inc.,1,USA
4175,310,20,美国,Union Telephone Company,1,USA
4176,310,30,美国,Centennial Communications,1,USA
4177,310,40,美国,"Concho Cellular Telephone Co., Inc.",1,USA
4178,310,46,美国,TMP Corp,1,USA
4179,310,60,美国,Consolidated Telcom,1,USA
4180,310,70,美国,Highland Cellular,1,USA
4181,310,80,美国,Corr Wireless Communications LLC,1,USA
4182,310,90,美国,AT&T Mobility,1,USA
4183,310,100,美国,New Mexico RSA 4 East Ltd. Partnership,1,USA
4184,310,110,美国,PTI Pacifica Inc.,1,USA
4185,310,150,美国,AT&T Mobility,1,USA
4186,310,160,美国,T-Mobile,1,USA
4187,310,170,美国,T-Mobile,1,USA
4188,310,180,美国,West Central Wireless,1,USA
4189,310,190,美国,"Alaska Wireless Communications, LLC",1,USA
4190,310,200,美国,T-Mobile,1,USA
4191,310,210,美国,T-Mobile,1,USA
4192,310,220,美国,T-Mobile,1,USA
4193,310,230,美国,T-Mobile,1,USA
4194,310,240,美国,T-Mobile,1,USA
4195,310,250,美国,T-Mobile,1,USA
4196,310,260,美国,T-Mobile,1,USA
4197,310,270,美国,T-Mobile,1,USA
4198,310,280,美国,T-Mobile,1,USA
4199,310,290,美国,T-Mobile,1,USA
4200,310,300,美国,Smart Call (Truphone),1,USA
4201,310,310,美国,T-Mobile,1,USA
4202,310,311,美国,Farmers Wireless,1,USA
4203,310,320,美国,"Smith Bagley, Inc.",1,USA
4204,310,340,美国,Westlink Communications,1,USA
4205,310,350,美国,Carolina Phone,1,USA
4206,310,380,美国,AT&T Mobility,1,USA
4207,310,390,美国,"TX-11 Acquisition, LLC",1,USA
4208,310,400,美国,Wave Runner LLC (Guam),1,USA
4209,310,410,美国,AT&T Mobility,1,USA
4210,310,420,美国,Cincinnati Bell Wireless,1,USA
4211,310,430,美国,Alaska Digitel,1,USA
4212,310,450,美国,Viaero Wireless,1,USA
4213,310,460,美国,TMP Corporation,1,USA
4214,310,480,美国,Choice Phone,1,USA
4215,310,510,美国,Airtel Wireless,1,USA
4216,310,530,美国,West Virginia Wireless,1,USA
4217,310,540,美国,Oklahoma Western Telephone Company,1,USA
4218,310,560,美国,AT&T Mobility,1,USA
4219,310,570,美国,"MTPCS, LLC",1,USA
4220,310,590,美国,Alltel Communications Inc,1,USA
4221,310,610,美国,Elkhart Telephone Co.,1,USA
4222,310,620,美国,Coleman County Telecommunications,1,USA
4223,310,630,美国,Choice Wireless,1,USA
4224,310,640,美国,Airadigm Communications,1,USA
4225,310,650,美国,"Jasper Wireless, inc",1,USA
4226,310,680,美国,AT&T Mobility,1,USA
4227,310,690,美国,Conestoga Wireless Company,1,USA
4228,310,740,美国,Convey Communications Inc.,1,USA
4229,310,760,美国,Panhandle Telecommunications Systems Inc.,1,USA
4230,310,770,美国,Iowa Wireless Services,1,USA
4231,310,780,美国,Airlink PCS,1,USA
4232,310,790,美国,PinPoint Communications,1,USA
4233,310,800,美国,T-Mobile,1,USA
4234,310,830,美国,Caprock Cellular,1,USA
4235,310,840,美国,"Telecom North America Mobile, Inc.",1,USA
4236,310,850,美国,"Aeris Communications, Inc.",1,USA
4237,310,870,美国,Kaplan Telephone Company,1,USA
4238,310,880,美国,Advantage Cellular Systems,1,USA
4239,310,890,美国,Rural Cellular Corporation,1,USA
4240,310,900,美国,Mid-Rivers Communications,1,USA
4241,310,910,美国,First Cellular of Southern Illinois,1,USA
4242,310,940,美国,Iris Wireless LLC,1,USA
4243,310,950,美国,Texas RSA 1 dba XIT Cellular,1,USA
4244,310,980,美国,AT&T Mobility,1,USA
4245,310,990,美国,AT&T Mobility,1,USA
4246,311,0,美国,Mid-Tex Cellular,1,USA
4247,311,10,美国,Chariton Valley Communications,1,USA
4248,311,20,美国,Missouri RSA 5 Partnership,1,USA
4249,311,30,美国,Indigo Wireless,1,USA
4250,311,40,美国,Commnet Wireless,1,USA
4251,311,50,美国,Wikes Cellular,1,USA
4252,311,60,美国,Farmers Cellular Telephone,1,USA
4253,311,70,美国,Easterbrooke Cellular Corporation,1,USA
4254,311,80,美国,Pine Telephone Company,1,USA
4255,311,90,美国,Long Lines Wireless LLC,1,USA
4256,311,100,美国,High Plains Wireless,1,USA
4257,311,110,美国,High Plains Wireless,1,USA
4258,311,120,美国,Choice Phone,1,USA
4259,311,130,美国,Cell One Amarillo,1,USA
4260,311,140,美国,MBO Wireless,1,USA
4261,311,150,美国,Wilkes Cellular,1,USA
4262,311,160,美国,Endless Mountains Wireless,1,USA
4263,311,170,美国,Broadpoint Inc,1,USA
4264,311,180,美国,Cingular Wireless,1,USA
4265,311,190,美国,Cellular Properties,1,USA
4266,311,210,美国,Emery Telcom Wireless,1,USA
4267,311,220,美国,U.S. Cellular,1,USA
4268,311,230,美国,C Spire Wireless,1,USA
4269,311,330,美国,Bug Tussel Wireless,1,USA
4270,311,480,美国,Verizon Wireless,1,USA
4271,311,481,美国,Verizon Wireless,1,USA
4272,311,482,美国,Verizon Wireless,1,USA
4273,311,483,美国,Verizon Wireless,1,USA
4274,311,484,美国,Verizon Wireless,1,USA
4275,311,485,美国,Verizon Wireless,1,USA
4276,311,486,美国,Verizon Wireless,1,USA
4277,311,487,美国,Verizon Wireless,1,USA
4278,311,488,美国,Verizon Wireless,1,USA
4279,311,489,美国,Verizon Wireless,1,USA
4280,311,660,美国,metroPCS,1,USA
4281,316,10,美国,Nextel Communications,1,USA
4282,316,11,美国,Southern Communications Services,1,USA
4283,748,1,乌拉圭,Compania estatal (ANTEL),1,Uruguay
4284,748,7,乌拉圭,Telefónica Móviles Uruguay,1,Uruguay
4285,748,10,乌拉圭,AM Wireless Uruguay S.A.,1,Uruguay
4286,434,1,乌兹别克,Buztel,1,Uzbek
4287,434,2,乌兹别克,Uzmacom,1,Uzbek
4288,434,4,乌兹别克,Unitel LLC,1,Uzbek
4289,434,5,乌兹别克,Coscom,1,Uzbek
4290,434,6,乌兹别克,Perfectum Mobile,1,Uzbek
4291,434,7,乌兹别克,Uzdunrobita,1,Uzbek
4292,541,1,瓦努阿图,Telecom Vanuatu Ltd,1,Vanuatu
4293,734,1,委内瑞拉,Corporacion Digitel C.A.,1,Venezuela
4294,734,2,委内瑞拉,Corporacion Digitel C.A.,1,Venezuela
4295,734,3,委内瑞拉,Corporacion Digitel C.A.,1,Venezuela
4296,734,4,委内瑞拉,Telefónica Móviles Venezuela,1,Venezuela
4297,734,6,委内瑞拉,Telecomunicaciones Movilnet,1,Venezuela
4298,452,1,越南,Vietnam Mobile Telecom Services Company (VMS),1,Vietnam
4299,452,2,越南,Vietnam Telecom Services Company,1,Vietnam
4300,452,3,越南,S-Telecom,1,Vietnam
4301,452,4,越南,Viettel Telecom,1,Vietnam
4302,452,5,越南,Hanoi Telecom,1,Vietnam
4303,452,6,越南,EVNTelecom - EVN,1,Vietnam
4304,452,8,越南,EVNTelecom - EVN,1,Vietnam
4305,452,7,越南,GTEL Mobile JSC,1,Vietnam
4306,421,1,也门,,1,Yemen
4307,421,2,也门,SpaceTel,1,Yemen
4308,421,3,也门,Yemen Mobile,1,Yemen
4309,421,4,也门,Y,1,Yemen
4310,645,1,赞比亚,Bharti Airtel,1,Zambia
4311,645,2,赞比亚,MTN Group,1,Zambia
4312,645,3,赞比亚,Zambia Telecommunications Company Ltd,1,Zambia
4313,648,1,津巴布韦,Net*One Cellular (Pvt) Ltd,1,Zimbabwe
4314,648,3,津巴布韦,Telecel Zimbabwe (PVT) Ltd,1,Zimbabwe
4315,648,4,津巴布韦,Econet Wireless (Private) Limited,1,Zimbabwe
4316,901,1,国际共享,ICO Satellite Management,1,International share
4317,901,2,国际共享,Sense Communications International,1,International share
4318,901,5,国际共享,Thuraya RMSS Network,1,International share
4319,901,6,国际共享,Thuraya Satellite Telecommunications Company,1,International share
4320,901,9,国际共享,Tele1 Europe,1,International share
4321,901,12,国际共享,Maritime Communications Partner AS,1,International share
4322,901,13,国际共享,Global Networks Switzerland Inc.,1,International share
4323,901,14,国际共享,AeroMobile AS,1,International share
4324,901,15,国际共享,OnAir Switzerland Sarl,1,International share
4325,901,16,国际共享,Jasper Systems,1,International share
4326,901,18,国际共享,AT&T Mobility,1,International share
4327,901,19,国际共享,Vodafone Malta Maritime,1,International share
4328,901,21,国际共享,Seanet Maritime Communications,1,International share
4329,901,23,国际共享,Beeline,1,International share
4330,901,24,国际共享,Voxbone,1,International share
4331,901,26,国际共享,Telecom Italia,1,International share
4332,901,28,国际共享,GDSP,1,International share
4333,901,32,国际共享,MegaFon,1,International share
